"InputCategories","UserDefinedCategories","Type","CorrectedPvalues","NumGenes","CategoryGenes"
"black","RedBloodCell__Kabanova","Blood",2.51436970713145e-34,182,"ACTB, ACTN1, ALOX5, ALOX5AP, ALPL, AMD1, ANXA1, AP3S1, AQP9, ARF3, ARHGDIB, ARPC1B, ARRB2, ATP6V0E1, ATP6V1B2, B2M, BASP1, C20orf24, C20orf3, CAP1, CAPZB, CCND3, CCR1, CD44, CD53, CD55, CD63, CDKN1B, CEBPB, CEBPD, CFL1, CHI3L1, CKLF, CLIC1, CORO1A, COTL1, CSF3R, CUGBP2, CYBA, CYP4F3, DAZAP2, DHRS9, DUSP1, DYNLT1, EGLN1, ENTPD1, FAM53C, FAM65B, FAS, FCAR, FCER1G, FCGR2A, FCGR3B, FGL2, FLOT2, FPR1, FPR2, FRAT1, GADD45B, GAPDH, GCA, GLRX, GNG10, GNG5, GOLPH3, GPSM3, GYG1, H2AFY, HCK, HCLS1, HEBP2, HECA, HEXB, HIST2H2BE, HLA-A, HLA-C, HLA-E, HNRNPH2, IER3, IFITM1, IFITM2, IGSF6, IL13RA1, IL1RN, INPP1, IRF2, IRF9, ITGB2, ITM2B, LAMP1, LAMP2, LASP1, LCP2, LDHA, LILRA2, LITAF, LRCH4, LSP1, LYN, MAPK1, MMP25, MMP9, MNDA, MSL3, MYD88, NAMPT, NBN, NCF2, NCF4, NFE2L2, NFIL3, NMI, NPC2, NRD1, OS9, P2RY13, PDK3, PECAM1, PELI1, PFN1, PIAS1, PIGB, PLAUR, PLEK, PLXNC1, PSAP, PSMB9, PTPRC, PTPRE, PTTG1IP, RAB27A, RAB2A, RAB31, RAC1, RAD21, RBMS1, RBPJ, RGS19, RHOA, RHOG, RIT1, RNASET2, S100A12, S100A4, S100A6, S100A9, SAT1, SCPEP1, SELL, SEPT15, SEPX1, SERP1, SERPINA1, SNAP23, SNN, SOD2, SP110, SRGN, STAG2, STAMBP, STAT3, STAT6, SULT1B1, TGOLN2, TLR4, TMBIM6, TMEM59, TMEM8, TNFAIP3, TNFAIP6, TPP1, TSEN34, TSPO, TUBA1A, TXNIP, TYROBP, VIM, VNN2, WAS, WWP2, YWHAZ, ZYX"
"magenta","441_KEGG_Ribosome__Kegg_NCBI_Biosystems","PW_Lists",7.22232076000451e-27,41,"FAU, MRPL13, RPL10A, RPL11, RPL12, RPL13, RPL14, RPL18, RPL18A, RPL23, RPL26, RPL30, RPL31, RPL32, RPL36, RPL37A, RPL39, RPL7, RPL7A, RPL9, RPLP1, RPS10, RPS13, RPS15A, RPS16, RPS17, RPS18, RPS19, RPS2, RPS20, RPS21, RPS26, RPS27, RPS27L, RPS29, RPS3, RPS3A, RPS5, RPS9, RPSA, RSL24D1"
"magenta","83036_KEGG_Ribosome__Kegg_NCBI_Biosystems","PW_Lists",7.22232076000451e-27,41,"FAU, MRPL13, RPL10A, RPL11, RPL12, RPL13, RPL14, RPL18, RPL18A, RPL23, RPL26, RPL30, RPL31, RPL32, RPL36, RPL37A, RPL39, RPL7, RPL7A, RPL9, RPLP1, RPS10, RPS13, RPS15A, RPS16, RPS17, RPS18, RPS19, RPS2, RPS20, RPS21, RPS26, RPS27, RPS27L, RPS29, RPS3, RPS3A, RPS5, RPS9, RPSA, RSL24D1"
"magenta","105976_REACTOME_Eukaryotic_Translation_Elongation__Reactome_NCBI_Biosystems","PW_Lists",1.40877804557858e-26,41,"EEF1B2, EEF1D, FAU, RPL10A, RPL11, RPL12, RPL13, RPL14, RPL18, RPL18A, RPL23, RPL26, RPL30, RPL31, RPL32, RPL36, RPL37A, RPL39, RPL7, RPL7A, RPL9, RPLP1, RPS10, RPS13, RPS15A, RPS16, RPS17, RPS18, RPS19, RPS2, RPS20, RPS21, RPS26, RPS26P10, RPS27, RPS29, RPS3, RPS3A, RPS5, RPS9, RPSA"
"magenta","413404_KEGG_Ribosome,_eukaryotes__Kegg_NCBI_Biosystems","PW_Lists",7.44134839559108e-26,40,"FAU, RPL10A, RPL11, RPL12, RPL13, RPL14, RPL18, RPL18A, RPL23, RPL26, RPL30, RPL31, RPL32, RPL36, RPL37A, RPL39, RPL7, RPL7A, RPL9, RPLP1, RPS10, RPS13, RPS15A, RPS16, RPS17, RPS18, RPS19, RPS2, RPS20, RPS21, RPS26, RPS27, RPS27L, RPS29, RPS3, RPS3A, RPS5, RPS9, RPSA, RSL24D1"
"magenta","105978_REACTOME_Eukaryotic_Translation_Termination__Reactome_NCBI_Biosystems","PW_Lists",3.92551078525049e-25,39,"FAU, RPL10A, RPL11, RPL12, RPL13, RPL14, RPL18, RPL18A, RPL23, RPL26, RPL30, RPL31, RPL32, RPL36, RPL37A, RPL39, RPL7, RPL7A, RPL9, RPLP1, RPS10, RPS13, RPS15A, RPS16, RPS17, RPS18, RPS19, RPS2, RPS20, RPS21, RPS26, RPS26P10, RPS27, RPS29, RPS3, RPS3A, RPS5, RPS9, RPSA"
"magenta","106077_REACTOME_Viral_mRNA_Translation__Reactome_NCBI_Biosystems","PW_Lists",3.92551078525049e-25,39,"FAU, RPL10A, RPL11, RPL12, RPL13, RPL14, RPL18, RPL18A, RPL23, RPL26, RPL30, RPL31, RPL32, RPL36, RPL37A, RPL39, RPL7, RPL7A, RPL9, RPLP1, RPS10, RPS13, RPS15A, RPS16, RPS17, RPS18, RPS19, RPS2, RPS20, RPS21, RPS26, RPS26P10, RPS27, RPS29, RPS3, RPS3A, RPS5, RPS9, RPSA"
"magenta","105977_REACTOME_Peptide_chain_elongation__Reactome_NCBI_Biosystems","PW_Lists",7.56302889755355e-25,39,"FAU, RPL10A, RPL11, RPL12, RPL13, RPL14, RPL18, RPL18A, RPL23, RPL26, RPL30, RPL31, RPL32, RPL36, RPL37A, RPL39, RPL7, RPL7A, RPL9, RPLP1, RPS10, RPS13, RPS15A, RPS16, RPS17, RPS18, RPS19, RPS2, RPS20, RPS21, RPS26, RPS26P10, RPS27, RPS29, RPS3, RPS3A, RPS5, RPS9, RPSA"
"magenta","366242_REACTOME_Nonsense_Mediated_Decay_Independent_of_the_Exon_Junction_Complex__Reactome_NCBI_Biosystems","PW_Lists",9.187387228785e-24,39,"FAU, RPL10A, RPL11, RPL12, RPL13, RPL14, RPL18, RPL18A, RPL23, RPL26, RPL30, RPL31, RPL32, RPL36, RPL37A, RPL39, RPL7, RPL7A, RPL9, RPLP1, RPS10, RPS13, RPS15A, RPS16, RPS17, RPS18, RPS19, RPS2, RPS20, RPS21, RPS26, RPS26P10, RPS27, RPS29, RPS3, RPS3A, RPS5, RPS9, RPSA"
"magenta","105968_REACTOME_Formation_of_a_pool_of_free_40S_subunits__Reactome_NCBI_Biosystems","PW_Lists",1.01106755755687e-23,40,"EIF3K, FAU, RPL10A, RPL11, RPL12, RPL13, RPL14, RPL18, RPL18A, RPL23, RPL26, RPL30, RPL31, RPL32, RPL36, RPL37A, RPL39, RPL7, RPL7A, RPL9, RPLP1, RPS10, RPS13, RPS15A, RPS16, RPS17, RPS18, RPS19, RPS2, RPS20, RPS21, RPS26, RPS26P10, RPS27, RPS29, RPS3, RPS3A, RPS5, RPS9, RPSA"
"magenta","198853_WikiPathways_Cytoplasmic_Ribosomal_Proteins__Wiki_Pathways_NCBI_Biosystems","PW_Lists",2.63759525256792e-23,38,"FAU, RPL10A, RPL11, RPL12, RPL13, RPL14, RPL18, RPL18A, RPL23, RPL26, RPL30, RPL31, RPL32, RPL36, RPL37A, RPL39, RPL7, RPL7A, RPL9, RPLP1, RPS10, RPS13, RPS15A, RPS16, RPS17, RPS18, RPS19, RPS2, RPS20, RPS21, RPS26, RPS27, RPS29, RPS3, RPS3A, RPS5, RPS9, RPSA"
"magenta","530746_REACTOME_SRP-dependent_cotranslational_protein_targeting_to_membrane__Reactome_NCBI_Biosystems","PW_Lists",2.71039765297319e-23,42,"FAU, RPL10A, RPL11, RPL12, RPL13, RPL14, RPL18, RPL18A, RPL23, RPL26, RPL30, RPL31, RPL32, RPL36, RPL37A, RPL39, RPL7, RPL7A, RPL9, RPLP1, RPS10, RPS13, RPS15A, RPS16, RPS17, RPS18, RPS19, RPS2, RPS20, RPS21, RPS26, RPS26P10, RPS27, RPS29, RPS3, RPS3A, RPS5, RPS9, RPSA, SEC11A, SEC61G, SRP9"
"magenta","106074_REACTOME_Influenza_Viral_RNA_Transcription_and_Replication__Reactome_NCBI_Biosystems","PW_Lists",3.10207240264153e-23,40,"FAU, POLR2I, RPL10A, RPL11, RPL12, RPL13, RPL14, RPL18, RPL18A, RPL23, RPL26, RPL30, RPL31, RPL32, RPL36, RPL37A, RPL39, RPL7, RPL7A, RPL9, RPLP1, RPS10, RPS13, RPS15A, RPS16, RPS17, RPS18, RPS19, RPS2, RPS20, RPS21, RPS26, RPS26P10, RPS27, RPS29, RPS3, RPS3A, RPS5, RPS9, RPSA"
"magenta","160955_REACTOME_L13a-mediated_translational_silencing_of_Ceruloplasmin_expression__Reactome_NCBI_Biosystems","PW_Lists",7.22622450459526e-22,40,"EIF3K, FAU, RPL10A, RPL11, RPL12, RPL13, RPL14, RPL18, RPL18A, RPL23, RPL26, RPL30, RPL31, RPL32, RPL36, RPL37A, RPL39, RPL7, RPL7A, RPL9, RPLP1, RPS10, RPS13, RPS15A, RPS16, RPS17, RPS18, RPS19, RPS2, RPS20, RPS21, RPS26, RPS26P10, RPS27, RPS29, RPS3, RPS3A, RPS5, RPS9, RPSA"
"magenta","105973_REACTOME_GTP_hydrolysis_and_joining_of_the_60S_ribosomal_subunit__Reactome_NCBI_Biosystems","PW_Lists",1.18677202256672e-21,40,"EIF3K, FAU, RPL10A, RPL11, RPL12, RPL13, RPL14, RPL18, RPL18A, RPL23, RPL26, RPL30, RPL31, RPL32, RPL36, RPL37A, RPL39, RPL7, RPL7A, RPL9, RPLP1, RPS10, RPS13, RPS15A, RPS16, RPS17, RPS18, RPS19, RPS2, RPS20, RPS21, RPS26, RPS26P10, RPS27, RPS29, RPS3, RPS3A, RPS5, RPS9, RPSA"
"magenta","105965_REACTOME_Translation__Reactome_NCBI_Biosystems","PW_Lists",7.64222173077932e-21,45,"EEF1B2, EEF1D, EIF3K, FAU, RPL10A, RPL11, RPL12, RPL13, RPL14, RPL18, RPL18A, RPL23, RPL26, RPL30, RPL31, RPL32, RPL36, RPL37A, RPL39, RPL7, RPL7A, RPL9, RPLP1, RPS10, RPS13, RPS15A, RPS16, RPS17, RPS18, RPS19, RPS2, RPS20, RPS21, RPS26, RPS26P10, RPS27, RPS29, RPS3, RPS3A, RPS5, RPS9, RPSA, SEC11A, SEC61G, SRP9"
"magenta","105966_REACTOME_Eukaryotic_Translation_Initiation__Reactome_NCBI_Biosystems","PW_Lists",8.02224248509036e-21,40,"EIF3K, FAU, RPL10A, RPL11, RPL12, RPL13, RPL14, RPL18, RPL18A, RPL23, RPL26, RPL30, RPL31, RPL32, RPL36, RPL37A, RPL39, RPL7, RPL7A, RPL9, RPLP1, RPS10, RPS13, RPS15A, RPS16, RPS17, RPS18, RPS19, RPS2, RPS20, RPS21, RPS26, RPS26P10, RPS27, RPS29, RPS3, RPS3A, RPS5, RPS9, RPSA"
"magenta","105967_REACTOME_Cap-dependent_Translation_Initiation__Reactome_NCBI_Biosystems","PW_Lists",8.02224248509036e-21,40,"EIF3K, FAU, RPL10A, RPL11, RPL12, RPL13, RPL14, RPL18, RPL18A, RPL23, RPL26, RPL30, RPL31, RPL32, RPL36, RPL37A, RPL39, RPL7, RPL7A, RPL9, RPLP1, RPS10, RPS13, RPS15A, RPS16, RPS17, RPS18, RPS19, RPS2, RPS20, RPS21, RPS26, RPS26P10, RPS27, RPS29, RPS3, RPS3A, RPS5, RPS9, RPSA"
"magenta","366240_REACTOME_Nonsense-Mediated_Decay__Reactome_NCBI_Biosystems","PW_Lists",9.89411427472291e-21,39,"FAU, RPL10A, RPL11, RPL12, RPL13, RPL14, RPL18, RPL18A, RPL23, RPL26, RPL30, RPL31, RPL32, RPL36, RPL37A, RPL39, RPL7, RPL7A, RPL9, RPLP1, RPS10, RPS13, RPS15A, RPS16, RPS17, RPS18, RPS19, RPS2, RPS20, RPS21, RPS26, RPS26P10, RPS27, RPS29, RPS3, RPS3A, RPS5, RPS9, RPSA"
"magenta","366241_REACTOME_Nonsense_Mediated_Decay_Enhanced_by_the_Exon_Junction_Complex__Reactome_NCBI_Biosystems","PW_Lists",9.89411427472291e-21,39,"FAU, RPL10A, RPL11, RPL12, RPL13, RPL14, RPL18, RPL18A, RPL23, RPL26, RPL30, RPL31, RPL32, RPL36, RPL37A, RPL39, RPL7, RPL7A, RPL9, RPLP1, RPS10, RPS13, RPS15A, RPS16, RPS17, RPS18, RPS19, RPS2, RPS20, RPS21, RPS26, RPS26P10, RPS27, RPS29, RPS3, RPS3A, RPS5, RPS9, RPSA"
"black","pink_M10_Microglia(Type1)__HumanMeta","Brain",1.67498832624764e-19,49,"AIF1, ALOX5AP, ARHGDIB, B2M, CAPG, CASP1, CCR1, CD14, CD163, CD300A, CD53, CPVL, CYBA, FCER1G, FCGR1A, FCGR1B, FCGR2A, FCGR3B, FLJ22662, FPR1, GRN, HCK, HCLS1, HLA-A, HLA-B, HLA-C, HLA-DPB1, HLA-E, IFI30, ITGB2, LCP1, LYN, MNDA, MS4A6A, NMI, PFN1, PTPRC, RAC2, RHBDF2, RNASET2, S100A11, S100A6, S100A9, SAMSN1, SELPLG, SERPINA1, TSPO, TYROBP, WAS"
"magenta","106067_REACTOME_Influenza_Infection__Reactome_NCBI_Biosystems","PW_Lists",5.75152422989306e-18,41,"FAU, POLR2I, RPL10A, RPL11, RPL12, RPL13, RPL14, RPL18, RPL18A, RPL23, RPL26, RPL30, RPL31, RPL32, RPL36, RPL37A, RPL39, RPL7, RPL7A, RPL9, RPLP1, RPS10, RPS13, RPS15A, RPS16, RPS17, RPS18, RPS19, RPS2, RPS20, RPS21, RPS26, RPS26P10, RPS27, RPS29, RPS3, RPS3A, RPS5, RPS9, RPSA, SLC25A6"
"magenta","106068_REACTOME_Influenza_Life_Cycle__Reactome_NCBI_Biosystems","PW_Lists",1.31398126338272e-17,40,"FAU, POLR2I, RPL10A, RPL11, RPL12, RPL13, RPL14, RPL18, RPL18A, RPL23, RPL26, RPL30, RPL31, RPL32, RPL36, RPL37A, RPL39, RPL7, RPL7A, RPL9, RPLP1, RPS10, RPS13, RPS15A, RPS16, RPS17, RPS18, RPS19, RPS2, RPS20, RPS21, RPS26, RPS26P10, RPS27, RPS29, RPS3, RPS3A, RPS5, RPS9, RPSA"
"red","Reticulocytes_genesCorrelatedAcrossIndividuals__Whitney","Blood",1.86980179628467e-15,25,"ALAS2, ANK1, BCL2L1, BNIP3L, BPGM, CSDA, EPB42, GMPR, GSPT1, MAP2K3, MKRN1, MXI1, PCGF5, PIM1, PIP4K2A, PPM1A, RBM38, RNF10, SELENBP1, SESN3, SIAH2, SNCA, STRADB, TSPAN5, WNK1"
"red","RedBloodCell__Kabanova","Blood",2.08015811264324e-14,125,"AFF1, ALDH6A1, ANXA7, ARF1, ARF4, ASAH1, ATP6V0C, B4GALT3, BAT3, BCL2L1, BECN1, BIRC2, BNIP3L, BPGM, BRD4, C11orf58, C18orf8, C5orf4, C9orf78, CA1, CAT, CDC16, CHP, CHPT1, COPS5, COX6A1, COX7A2, CRADD, CREG1, CSDA, CTSB, DAD1, DCUN1D1, DDX3X, DYRK1A, EIF1, EIF1B, EIF2AK1, EPB42, EPB49, ETNK1, FAM117A, FBXO7, FKBP1A, FOXO3, GABARAPL2, GCLC, GHITM, GLUL, GMPR, GNAS, GSPT1, HDGF, HMBS, HNRNPK, IK, INPP5K, JUND, KRT1, LBR, LYL1, MAP1LC3B, MAP2K3, MAT2B, MKNK2, MKRN1, MPP1, MXI1, MYL4, NFE2, NPL, NUCB1, NUP98, OAT, ODC1, PABPC1, PABPC3, PCBP1, PDCD10, PI4KB, PIM1, PIP4K2A, POLR1D, PPM1A, PRDX2, PSMD4, PSMF1, RAB5A, RAB5B, RALBP1, RGS10, RIOK3, RNF11, RPL34, RSC1A1, RUNDC3A, SDCBP, SEC14L1, SELENBP1, SERF2, SH3BGRL, SHOC2, SKP1, SLC4A1, SNCA, SNX3, SRRD, STRAP, TAX1BP1, TNS1, TOP1, TRAK2, TSC1, TSPAN5, UBE2D3, UBE2G1, UCP2, VAMP7, VBP1, WNK1, YBX1, YME1L1, ZFAND6, ZFP36L2, ZNF410"
"greenyellow","turquoise_M14_Nucleus__HumanMeta","Brain",6.93526875470548e-14,123,"ACADM, ACP2, ACSL4, ADCY3, AGL, AHCTF1, APPL2, ARFGEF1, ARGLU1, ARID4A, ARPC5, AUP1, BAZ2B, BMI1, BTAF1, C12orf29, C16orf7, C5orf15, CANX, CAPZA1, CCDC47, CCNG2, CD164, CD46, CDC23, CDYL, CENTB2, CHUK, CIC, CLK4, CNOT8, CPD, CROP, CRY1, DEGS1, DEK, DERL1, DHX15, DLGAP4, DNAJB9, ECHDC1, EFHA1, EIF3A, EIF4G2, EPS15, ERGIC2, ERO1L, FAM8A1, FEM1C, FNDC3A, FOXJ3, GBAS, GGA3, HMG20A, IBTK, ICK, IDH1, IFRD1, ITPK1, JAK2, KIDINS220, KLHL2, MAP3K7, MAZ, MBNL1, MBNL2, MED23, MEGF9, MRFAP1L1, MRPL19, NOC3L, PGRMC2, PICALM, PPM1B, PPP1R12A, PTPLB, PTPN11, PTPN12, RAB21, RAP1A, RAP2C, RBM7, RCOR3, RGL2, RMI1, RNF138, RSBN1, SEC24B, SERBP1, SKP2, SLC35A1, SLK, SMAD4, SMNDC1, SNX16, SPAST, SPTAN1, SPTLC1, SS18L1, SSR1, STK38L, SUPT5H, TAF4, TIA1, TMED5, TMED7, TMEM33, TTLL12, UBE2E1, UBE4A, UBL3, UBR5, USP1, VPS26A, XPO1, YTHDC1, ZBTB17, ZDHHC17, ZMPSTE24, ZNF189, ZNF518A, ZNF529, ZZZ3"
"black","Supraoptic Nucleus_localMarker(FC>2)_IN_Hypothalamus__HBA","HumanBrainRegions",7.22815324431247e-14,60,"ARHGAP15, ARHGAP25, B2M, CA4, CASP1, CASP5, CD163, CD33, CD44, CD58, CD86, CLEC7A, CLIC1, CMTM7, CNN2, CTSC, CTSH, CTSZ, DUSP1, ESAM, FGL2, FLJ22662, GADD45B, GBP1, GBP5, HLA-A, HLA-B, HLA-C, HLA-E, IFI30, IFITM2, IFITM3, IL1B, IRF1, JUNB, KLF6, LCP1, LYN, MS4A6A, NAPSB, OSM, PARP9, PECAM1, PFKFB2, PRDM1, PROK2, PTPRC, RCSD1, RELL1, RHBDF2, SIGLEC14, SLC15A3, SLC39A8, SP100, SRGN, TAGLN2, TNFRSF1A, TNFSF13B, TRIM21, ZFP36"
"magenta","salmon_M12_Ribosome__HumanMeta","Brain",1.60990765798426e-13,29,"FAU, RPL10A, RPL11, RPL12, RPL13, RPL18, RPL23, RPL30, RPL36, RPL39, RPL7, RPL7A, RPL9, RPLP1, RPS10, RPS13, RPS15A, RPS16, RPS17, RPS19, RPS2, RPS20, RPS21, RPS27, RPS29, RPS3, RPS3A, RPS9, SNRPG"
"green","DownWithAlzheimers_Liang__ADvsCT_inCA1","Brain",2.34977285651395e-13,151,"ACYP2, AHCY, AMZ2, APEX1, ARV1, ATIC, ATP1B1, ATP5A1, ATP5C1, ATP5F1, ATP5O, BCCIP, BEXL1, BIN1, BUB3, C11orf1, C14orf166, C14orf179, C15orf24, C1orf123, C1QBP, C2orf25, C2orf28, C4orf14, C7orf44, CALM2, CCDC53, CCT3, CCT7, CLTA, CNBP, COMMD1, COMMD4, COX5B, CSNK1A1, DYRK4, EAPP, EBPL, EIF3D, EIF3G, EIF3I, EIF4B, EIF4H, ESD, FIBP, FNTA, GLO1, HMGN4, ICT1, ILF2, INTS12, ITGB1BP1, ITM2A, ITM2C, KARS, LDHB, LEPROTL1, LOC124512, LYSMD2, MAGED1, MAPKAP1, MAPRE2, MLLT11, MOAP1, MORF4L1, MPV17, MRLC2, MRPL18, MRPL27, MRPL3, MRPL39, MRPS15, MRPS23, MRPS28, MTO1, MTX2, NAT5, NDFIP2, NDUFA12, NDUFA8, NDUFB8, NDUFS3, NHP2L1, NME1, NSMCE1, OCIAD2, OXA1L, PARK7, PCID2, PDCD2, PDCD6, PDHB, PEBP1, PHB2, PKIA, POP4, PPIH, PPP1CA, PPP2CB, PRPF18, PSMA1, PSMA2, PSMA3, PSMA5, PSMB2, PSMB5, PSMC2, PSMC3, PSMD14, PTGES3, RAB9A, RAD51C, RAN, RANBP1, RBMX, RPA2, RPL15, RPL4, RUVBL1, SEC13, SEPT8, SET, SFRS9, SFXN4, SLC25A3, SLC35B1, SMS, SSRP1, TAF7, TARS, TATDN1, TBCE, TCP1, THYN1, TMCO1, TMED3, TMEM126A, TMEM126B, TMEM85, TRAPPC4, TSPAN3, UCHL3, UQCRC2, VDAC3, VPS26B, WDR46, WDR61, YWHAQ, ZNF32, ZNF330, ZNHIT3"
"green","salmon_M12_Ribosome__MouseMeta","Brain",3.23402208205221e-12,46,"ACYP2, ATP5C1, C14orf112, C14orf166, C21orf51, CCT7, CFDP1, CNPY2, DHX9, DPM1, EBNA1BP2, EMG1, ESD, FAM96A, HAX1, HSPE1, MAGOH, MCEE, MRPL20, MRPL24, MRPL27, MRPL35, MRPL39, MRPL44, MRPL46, MRPS33, MTX2, NGDN, NSMCE4A, PAK1IP1, PDCD2, PDCD5, PSMA2, PSMA6, PSMB4, PSMC2, PSMD14, RPL13A, RPL24, SRP14, SSBP1, TMED3, TMEM126A, VDAC3, WBP5, ZNRD1"
"magenta","cyan_M4_Mitochondria__MouseMeta","Brain",6.14898424418122e-12,40,"ACYP1, ATOX1, AURKAIP1, BOLA2, C12orf57, C12orf62, C20orf52, C6orf125, CCDC56, CLPP, CRIP1, DPM3, EDF1, EIF3K, HSPC171, KRTCAP2, LSMD1, MAPBPIP, MRPL41, MRPL54, MRPS21, MRPS24, NDUFB10, NDUFB11, NDUFB2, NDUFB6, NME3, PHPT1, RAB33A, RPL37A, RPLP1, RPP21, RPS27L, RPS3, SF3B5, SNRPD2, SNRPG, SS18L2, UQCRH, UQCRQ"
"pink","Annotated_genes_bound_by_RNA_polymerase_II_(Table_S2)__Lee","StemCells",9.97478064533433e-12,437,"AAK1, AAMP, AARS, ABCE1, ABCF1, ACAA2, ACAD8, ACAT1, ACTR1B, ADD3, ADIPOR2, AFG3L2, AHSA2, ALDH9A1, ALG6, ANAPC5, ANKFY1, ANKRA2, AP1B1, AP3M1, API5, ARHGAP1, ARS2, ASB8, ASCC1, ASMTL, ASXL2, ATM, ATP2A2, ATP6V1H, BAT2D1, BBS2, BBX, BCLAF1, BFAR, BIVM, BTG1, C10orf104, C12orf11, C13orf23, C14orf169, C20orf4, C21orf59, C3orf19, C6orf111, C6orf136, C7orf27, C9orf103, C9orf114, CALM1, CALM3, CAPN7, CASP2, CBARA1, CBR4, CCDC6, CCNL1, CCT6A, CDC14A, CDC25B, CDC37, CDK2, CDK7, CDK9, CECR1, CHCHD7, CLYBL, CNDP2, CNOT2, CNOT6, COPA, COPB2, COX10, CPNE1, CPSF4, CS, CSE1L, CSTF3, CTBP1, CTCF, CTDSP2, CTNNBL1, CTPS, CUTC, CWF19L1, CYBASC3, CYFIP2, CYP20A1, CYP2R1, DAXX, DDOST, DDX1, DDX18, DDX21, DDX23, DDX24, DDX28, DDX50, DDX56, DHRS1, DHX30, DHX36, DIABLO, DKC1, DLST, DMTF1, DNAJA3, DNAJB1, DNM1L, DPP8, DRG1, DYM, E4F1, EDEM1, EEF2, EIF2B1, EIF2B2, EIF2B4, EIF2S3, EIF4A1, ELK1, EMD, ENO1, ENOSF1, ENTPD6, EPHX2, EPM2AIP1, EPRS, ERCC5, ETFDH, ETS1, EXOSC10, EXOSC8, FBXO21, FBXW11, FH, FKBP11, FLJ20718, FNBP4, FUBP3, FVT1, FXR1, GALT, GARS, GART, GMPS, GNE, GNPAT, GOLGA3, GOLGA5, GOT1, GOT2, GRPEL1, GRPEL2, GSPT2, GTF3C2, GTF3C5, GTPBP4, HADHB, HARS2, HECTD1, HIRIP3, HNRPA2B1, HNRPDL, HNRPH1, HNRPUL1, HSD17B4, HSPD1, HSPH1, IARS, IDH3B, IFIT1, IKBKB, IMMT, INO80, ITGB1, JARID2, KATNA1, KIAA0261, KIAA0368, KIAA0556, KIAA0907, KIAA1128, KIAA2010, KLF13, KLHDC4, KLHL12, KLHL3, L3MBTL2, LANCL1, LAP3, LARS, LETMD1, LOC113386, LOC132241, LOC253039, LOC338799, M6PR, MAP3K4, MAP3K7IP1, MAP4K1, MCCC1, MCM3, MCM7, MCRS1, MDC1, METAP1, METAP2, METTL3, METTL4, MFAP1, MFGE8, MGC3731, MKLN1, MLH1, MMS19L, MPHOSPH10, MPHOSPH9, MRPL38, MRPS10, MRPS16, MRPS25, MRPS31, MTA2, MTIF2, MTX3, NCL, NDRG3, NDUFA6, NDUFA9, NDUFV1, NECAP1, NFX1, NGLY1, NICN1, NKTR, NONO, NPAT, NUCB2, NUP107, NUP160, NUP205, NUP62, NUPL2, NXF1, ODF2, OGT, ORAOV1, ORC3L, OSBPL9, P2RY11, PABPN1, PAFAH1B1, PAICS, PARP1, PCK2, PCM1, PDCD4, PDCD6IP, PECI, PFAS, PHACTR4, PHGDH, PIGT, PLCG1, PNN, POGK, POLM, POLR2B, PON2, PPHLN1, PPM1G, PPP1CC, PPP1R11, PPP1R7, PPP2R1A, PPP2R4, PRCC, PRKCH, PRKCQ, PRPF31, PRPF4, PRPF4B, PSCD1, PSIP1, PSMB10, PSMC1, PSMC5, PSMD7, PTPN1, PUM1, PUS1, PWP1, PYGB, RAB8A, RABEP1, RABL4, RANBP3, RANGAP1, RASSF1, RBBP7, RBBP8, RBM12, RCE1, RIOK2, RNASEH1, RNMT, RNMTL1, RNPS1, RPS23, RPUSD2, RPUSD4, RRM1, SAFB, SAFB2, SAP18, SARS2, SCAMP3, SCD, SCFD1, SCO1, SDAD1, SDC1, SDCCAG1, SDCCAG10, SDHC, SEC23B, SECISBP2, SEH1L, SENP2, SEPT2, SEPT6, SETMAR, SF3B1, SF3B2, SFRS1, SFRS14, SFRS15, SFRS2, SFRS5, SFRS6, SFRS7, SIN3A, SKIV2L2, SLC12A6, SLC20A1, SLC35B2, SLC38A1, SLC3A2, SMARCA5, SMARCC1, SMARCC2, SNAP29, SNRPA, SOCS4, SON, SPHK2, SPOP, SRP72, STARD7, STK24, STK39, STMN1, STX16, SUPT16H, SURF6, SYNCRIP, TACSTD2, TAF15, TAF1C, TBP, TBRG4, TESK1, TFB1M, TFCP2, THBS1, THOC1, TM9SF4, TMF1, TNFAIP1, TNK2, TNRC6B, TOMM20, TOP2B, TP53RK, TPR, TRA2A, TRIM28, TRIM56, TRIP4, TSSC1, TTC13, TTC14, TTC19, TTC4, TTF1, TUBGCP6, TXNRD1, TYSND1, U2AF2, UBE2L3, UBE3B, UNG, UPF3A, UQCRC1, USP11, USP16, USP21, USP34, USP39, VAMP1, VPS52, WBSCR22, WDR33, WDR54, XPO4, XRCC5, YARS, YWHAE, ZBTB4, ZC3HC1, ZDHHC16, ZDHHC7, ZFP90, ZFYVE26, ZNF187, ZNF234, ZNF271, ZNF337, ZNF395, ZNF434, ZNF512, ZNF544, ZNF598, ZNF83, ZW10, ZZEF1"
"greenyellow","turquoise_M14_Nucleus__MouseMeta","Brain",1.28660046981766e-11,109,"ABI1, ACSL1, ACSL4, ACTR6, ANKRD46, ARHGAP21, ARL5A, ARMC1, ATP6AP2, ATP6V1C1, ATP9A, AUP1, AZIN1, BMI1, C5orf5, CAPRIN1, CAPZA2, CD164, CHUK, CLIC4, CLK4, CROP, CSK, CTBP2, DEK, DNAJB9, EIF4A2, EIF4G2, EPS15, FAM120A, FAM8A1, FBXW7, FNDC3A, GDI2, GRSF1, HDHD2, HMGCR, HSDL2, IMPA1, KIAA0174, KPNA3, KRAS, LSM14A, MBNL1, MED23, MTMR9, MTPN, NPTN, OSBPL11, PKP4, PPP2CA, PRNP, PRPF38B, PTBP2, RAB11A, RAB1A, RAP1A, RARS2, RASA1, RBM25, RDX, RGS2, RHOB, ROD1, RSRC2, RTN4, SACM1L, SERINC1, SFRS10, SLC30A5, SLC30A9, SLC38A2, SLK, SMNDC1, SNX14, SPAST, SPNS1, SSR1, ST8SIA4, TBK1, TM9SF2, TM9SF3, TMED7, TMEM30A, TMEM49, TMEM55A, TTC33, TTRAP, UBE2D2, UBE2E1, UBE3A, UBLCP1, UBQLN2, UGP2, USO1, USP1, USP9X, VPS4B, WSB2, XPO1, XPO6, YTHDC1, YTHDF1, YWHAG, ZFP36L1, ZFR, ZNF207, ZNF322A, ZNF644"
"black","Substantia Nigra, pars reticulata_localMarker(top200)_IN_Mesencephalon__HBA","HumanBrainRegions",4.89464066114841e-11,38,"AIF1, ALOX5, ALOX5AP, APBB1IP, ARHGAP15, ARHGAP25, ARHGDIB, C17orf60, CCR1, CD33, CD44, CD53, CD86, FCGR1A, FCGR1B, FCGR2A, FCGR3B, FGL2, FLJ22662, FPR1, GADD45B, IFI30, IGSF6, ITGB2, LAT2, LCP2, LYN, MNDA, NAPSB, P2RY13, PLEK, PTPRC, PYCARD, S100A11, SAMSN1, SIGLEC14, TXNIP, TYROBP"
"magenta","106230_REACTOME_Metabolism_of_proteins__Reactome_NCBI_Biosystems","PW_Lists",8.62155221669402e-11,49,"DPM3, EEF1B2, EEF1D, EIF3K, FAU, MGAT2, RPL10A, RPL11, RPL12, RPL13, RPL14, RPL18, RPL18A, RPL23, RPL26, RPL30, RPL31, RPL32, RPL36, RPL37A, RPL39, RPL7, RPL7A, RPL9, RPLP1, RPS10, RPS13, RPS15A, RPS16, RPS17, RPS18, RPS19, RPS2, RPS20, RPS21, RPS26, RPS26P10, RPS27, RPS29, RPS3, RPS3A, RPS5, RPS9, RPSA, SEC11A, SEC61G, SRP9, TBCA, TBCC"
"magenta","105969_REACTOME_Formation_of_the_ternary_complex,_and_subsequently,_the_43S_complex__Reactome_NCBI_Biosystems","PW_Lists",1.26109347546813e-10,21,"EIF3K, FAU, RPS10, RPS13, RPS15A, RPS16, RPS17, RPS18, RPS19, RPS2, RPS20, RPS21, RPS26, RPS26P10, RPS27, RPS29, RPS3, RPS3A, RPS5, RPS9, RPSA"
"midnightblue","overexpressed_in_erythrocyte_precursors_(CD36+)__Cui","StemCells",1.27303350439192e-10,32,"ABCB6, ABHD5, AMMECR1, AURKA, BZRPL1, C6orf85, CA2, CCNB2, CDC42EP4, CENPE, CPOX, CTSL1, EPOR, ERMAP, FLJ41603, GDF15, GYPA, GYPE, HES6, HIST1H1C, HMMR, ITSN1, KEL, MGAT3, MINPP1, PPOX, RFESD, RHAG, SLC2A1, SPTA1, TMCC2, YPEL4"
"black","366171_REACTOME_Cytokine_Signaling_in_Immune_system__Reactome_NCBI_Biosystems","PW_Lists",1.68130916430611e-10,55,"B2M, CASP1, CBL, CD44, CRK, CSF2RA, EGR1, EIF4E3, FCGR1A, FCGR1B, GAB2, GBP1, GBP5, GRB2, HCK, HLA-A, HLA-B, HLA-C, HLA-DPB1, HLA-E, IFI30, IFI35, IFIT3, IFITM1, IFITM2, IFITM3, IL1B, IL1RN, IRAK2, IRF1, IRF2, IRF9, KPNB1, LYN, MAP2K4, MAPK1, MAPK3, MYD88, NFKB1, NFKB2, NOD2, PELI1, PELI2, PIAS1, PIK3CA, PRKCD, RAF1, RIPK2, SOCS3, SP100, STAT3, STAT5B, SYK, YWHAB, YWHAZ"
"black","overexpressed_in_multipotent_primary_hematopoietic_SCs_(CD133+)__Cui","StemCells",1.81654706703915e-10,107,"ABHD3, ACVR1B, AGPAT2, AIF1, ALDH1A1, ALDH2, ANXA1, ARHGAP25, ARHGAP30, ARHGAP9, ATP2A3, BASP1, BEST1, BST1, C1orf162, CASP1, CBL, CCL3, CD300A, CD302, CD33, CENTA1, CHST13, CLEC12A, CLEC7A, CMTM3, CORO1A, COTL1, CR1, CSF2RA, CSF3R, CUGBP2, CYBA, CYSLTR1, DHRS9, DPYD, EIF4E3, EMR1, EPB41L3, ESAM, FAM105A, FCGR1A, FCGR1B, GADD45B, GBP1, GBP5, GFI1, GLIPR1, GPR84, HCK, HLA-B, HLA-E, IFITM1, IFITM2, IFITM3, IL18R1, IL1B, IMPA2, IRF1, ITGB2, KIF21B, LAT2, LILRA2, LOC201175, LSP1, MGAT4A, MSRA, MVP, NCF2, NLRP3, OAF, PADI4, PARVG, PECAM1, PGM1, PILRA, PLEK, PSMB9, PTPRC, PTPRE, PYCARD, RCSD1, RGS19, RHBDF2, RNASE6, SELL, SEMA4A, SH2D3C, SIRPA, SLC11A1, SLC39A8, SMPDL3A, SPI1, SYTL1, TBXAS1, TGOLN2, TIMP2, TLR4, TMEM154, TNFRSF1A, TNFRSF8, TNFSF13B, TYROBP, VIM, VPS8, ZNF467, ZYX"
"black","magenta_M8_Microglia(Type2)__HumanMeta","Brain",2.51687263191699e-10,31,"ANXA1, ANXA2, CD44, CDKN1A, CEBPB, CEBPD, CHI3L1, CLIC1, CRISPLD2, DUSP1, FOS, GADD45B, GBP1, HSPA1A, IFITM1, IFITM2, IFITM3, JUNB, NFIL3, PECAM1, PFKFB3, PLSCR1, SAT1, SRGN, TAGLN2, TIMP1, TNFRSF10B, TNFRSF1A, TNFRSF1B, VIM, ZFP36"
"black","106028_REACTOME_Hemostasis__Reactome_NCBI_Biosystems","PW_Lists",6.48078038326684e-10,63,"ACTN1, AKAP10, ALDOA, APBB1IP, ARRB2, ATP2A3, ATP2B4, CAP1, CAPZB, CD177, CD58, CD63, CFL1, CRK, DNAJC25-GNG10, DOK2, EHD1, ESAM, F13A1, FCER1G, FGR, GNA13, GNA15, GNAI2, GNG10, GNG5, GRB2, H3F3A, HBG2, IRF1, IRF2, ITGAM, ITGB2, KIF2A, LAMP2, LCP2, LYN, MAPK1, MAPK3, MFN2, ORAI1, PECAM1, PFN1, PIK3CA, PLAUR, PLEK, PRKCD, PSAP, RAC1, RAC2, RAF1, RHOA, RHOG, SELL, SELPLG, SERPINA1, SIRPA, SRGN, STX4, SYK, TIMP1, WDR1, YWHAZ"
"black","orange_M5_Microglia(Type2)__CTX","Brain",8.25039631309116e-10,30,"ALOX5, B2M, CASP1, CCR1, CD163, CD44, CEBPB, CEBPD, CHI3L1, CLIC1, CXCL1, DYNLT1, FAS, FCER1G, FPR1, HCK, HLA-E, IFIT3, IFITM1, LYN, NFIL3, NFKBIA, NMI, PLSCR1, PSMB9, SERPINA1, SOD2, SP110, STAT3, TNFAIP3"
"black","193096_KEGG_Osteoclast_differentiation__Kegg_NCBI_Biosystems","PW_Lists",1.54324887812026e-09,32,"BTK, CYBA, FCGR1A, FCGR2A, FCGR3B, FOS, GAB2, GRB2, IL1B, IRF9, JUNB, LCP2, LILRA2, LILRA3, LILRA6, MAPK1, MAPK3, NCF1, NCF2, NCF4, NFKB1, NFKB2, NFKBIA, OSCAR, PIK3CA, RAC1, SIRPA, SOCS3, SPI1, SYK, TNFRSF1A, TYROBP"
"black","193147_KEGG_Osteoclast_differentiation__Kegg_NCBI_Biosystems","PW_Lists",1.54324887812026e-09,32,"BTK, CYBA, FCGR1A, FCGR2A, FCGR3B, FOS, GAB2, GRB2, IL1B, IRF9, JUNB, LCP2, LILRA2, LILRA3, LILRA6, MAPK1, MAPK3, NCF1, NCF2, NCF4, NFKB1, NFKB2, NFKBIA, OSCAR, PIK3CA, RAC1, SIRPA, SOCS3, SPI1, SYK, TNFRSF1A, TYROBP"
"magenta","105970_REACTOME_Activation_of_the_mRNA_upon_binding_of_the_cap-binding_complex_and_eIFs,_and_subsequent_binding_to_43S__Reactome_NCBI_Biosystems","PW_Lists",2.57053423384838e-09,21,"EIF3K, FAU, RPS10, RPS13, RPS15A, RPS16, RPS17, RPS18, RPS19, RPS2, RPS20, RPS21, RPS26, RPS26P10, RPS27, RPS29, RPS3, RPS3A, RPS5, RPS9, RPSA"
"magenta","105971_REACTOME_Translation_initiation_complex_formation__Reactome_NCBI_Biosystems","PW_Lists",2.57053423384838e-09,21,"EIF3K, FAU, RPS10, RPS13, RPS15A, RPS16, RPS17, RPS18, RPS19, RPS2, RPS20, RPS21, RPS26, RPS26P10, RPS27, RPS29, RPS3, RPS3A, RPS5, RPS9, RPSA"
"magenta","105972_REACTOME_Ribosomal_scanning_and_start_codon_recognition__Reactome_NCBI_Biosystems","PW_Lists",2.57053423384838e-09,21,"EIF3K, FAU, RPS10, RPS13, RPS15A, RPS16, RPS17, RPS18, RPS19, RPS2, RPS20, RPS21, RPS26, RPS26P10, RPS27, RPS29, RPS3, RPS3A, RPS5, RPS9, RPSA"
"black","106034_REACTOME_Platelet_activation,_signaling_and_aggregation__Reactome_NCBI_Biosystems","PW_Lists",2.76701787872106e-09,40,"ACTN1, ALDOA, APBB1IP, ARRB2, CAP1, CD63, CFL1, CRK, DNAJC25-GNG10, F13A1, FCER1G, GNA13, GNA15, GNAI2, GNG10, GNG5, GRB2, LAMP2, LCP2, LYN, MAPK1, MAPK3, PECAM1, PFN1, PIK3CA, PLEK, PRKCD, PSAP, RAC1, RAC2, RAF1, RHOA, RHOG, SERPINA1, SRGN, STX4, SYK, TIMP1, WDR1, YWHAZ"
"black","Neutrophils_genesCorrelatedAcrossIndividuals__Whitney","Blood",3.23657217513315e-09,21,"CSF3R, FCGR1B, FGL2, FPR1, FPR2, GBP1, GCA, GPR109A, HCK, ITGAM, LILRA2, LYN, MNDA, PI3, PSMB9, S100A12, SELL, SYK, TLR8, TMEM154, VNN2"
"black","Substantia Nigra, pars reticulata_localMarker(FC>2)_IN_Mesencephalon__HBA","HumanBrainRegions",1.50675124922169e-08,26,"AIF1, ALOX5, ALOX5AP, APBB1IP, ARHGAP15, ARHGDIB, C17orf60, CCR1, CD53, CD86, FCGR1A, FCGR1B, FCGR2A, FGL2, FLJ22662, IFI30, ITGB2, LAT2, LCP2, LYN, NAPSB, P2RY13, PTPRC, PYCARD, SAMSN1, TYROBP"
"greenyellow","Annotated_genes_bound_by_RNA_polymerase_II_(Table_S2)__Lee","StemCells",2.23586370721597e-08,490,"ABHD10, ABI1, ACADM, ACBD3, ACP2, ACSL4, ACTR3, ACTR6, ADAR, ADM, ADRB2, AGA, AGGF1, AGL, AGTPBP1, AGTRAP, AKAP11, ALDH3A2, ALG5, ALG8, ALS2, ANAPC4, AP1S2, APLP2, APPBP2, ARHGAP12, ARHGAP19, ARHGAP21, ARHGEF3, ARID4A, ARMC1, ARPC5, ARPC5L, ASGR1, ATP11B, ATP1B3, ATP6AP2, ATP6V0A2, ATP6V1A, ATP6V1C1, AUP1, AXUD1, AZI2, BAMBI, BAZ2B, BCL2L2, BMPR2, BRI3BP, BRMS1, BRPF3, BST2, BTAF1, C10orf137, C10orf6, C11orf17, C14orf106, C14orf138, C14orf147, C14orf32, C16orf7, C18orf25, C1orf38, C20orf20, C5orf15, C5orf5, C9orf72, C9orf95, CANT1, CANX, CAPZA1, CAST, CCNB1IP1, CCNG2, CCPG1, CD164, CDC23, CDC2L6, CDC40, CDC42SE1, CDCA7, CDK5RAP2, CEBPA, CENTB2, CEPT1, CHD7, CHES1, CHM, CHUK, CLK4, CLN3, CNOT8, CP110, CPD, CPNE8, CREB5, CROP, CSK, CTBP2, CTNNA1, CWF19L2, CYP1B1, DCP2, DDX46, DEDD, DERA, DERL1, DGCR2, DICER1, DLGAP4, DMAP1, DNAJB9, DNAJC10, DPPA4, DSC2, DUSP22, DUSP6, E2F3, EAF1, ECHDC1, EHD4, EIF2S1, EIF4A2, EIF4G2, ELOVL5, EPS15, ETS2, F12, FAM45A, FAM8A1, FBN2, FBXL15, FBXO11, FBXO28, FBXO33, FBXW7, FCHO2, FEM1C, FEZ2, FHL3, FLII, FLJ31306, FLJ39639, FNDC3A, FOXJ3, FRAG1, FUCA2, FYCO1, GALC, GDI2, GFM1, GGA3, GLA, GLB1, GLMN, GMPPA, GNAI3, GOPC, GTF2F2, H3F3B, HARS, HDAC4, HDHD2, HERC5, HIF1A, HK2, HMG20A, HMGCR, HMGCS1, HNRPH3, HSBP1, HSD17B12, HSDL2, HSPA4, HSPA5, IBTK, IDH1, IDI1, IFNAR1, IFNGR1, IFRD1, IGF2R, IMPA1, ING4, IPO11, IQGAP1, ITCH, ITGB5, ITPR1, JMJD1C, KBTBD7, KCNJ2, KCTD9, KHDRBS1, KIAA0141, KIAA0174, KIAA0194, KIAA0196, KIAA0240, KIAA0513, KIAA1012, KIAA1618, KIAA1712, KIAA1826, KLF4, KPNA3, LAMC1, LASS5, LDLR, LEMD3, LEPRE1, LMAN2, LMAN2L, LMO4, LNPEP, LOC285550, LOC400657, LOC401233, LOC93622, LYST, MAK, MAN2B2, MANBAL, MAP2K1, MAP3K11, MAP3K7, MAP3K8, MARCH7, MARCKS, MAZ, MBNL1, MBNL2, MCL1, MGA, MGAT1, MKKS, MKNK1, MRPL19, MRPS5, MSN, MTF1, MTHFD2, MTMR6, MTMR9, MTPN, MTSS1, MUTED, MYST1, MYST3, NAGK, NCOA7, NDEL1, NDST2, NFKBIZ, NFYC, NIPBL, NKIRAS2, NKRF, NSF, NUMB, NUP133, NUP155, NUP214, NUP43, NXT2, ORC2L, OSBPL8, OSGEP, OXR1, P15RS, P4HA1, PACSIN2, PAK1, PAPD4, PAPOLA, PARN, PARP16, PBX3, PCF11, PELP1, PFKFB4, PGM2, PGRMC2, PHF12, PHF3, PHTF1, PIGA, PIGN, PISD, PJA2, PKM2, PLCXD1, PLD1, PLEKHA9, PLEKHG3, PLOD2, PNKP, POLB, PPM1B, PPM1D, PPP1R12A, PPP2R5A, PPP4R1, PPT1, PRCP, PRDM10, PRKAA1, PRKAB1, PRKAR1A, PRPS2, PRUNE, PSAT1, PSMD5, PTAR1, PTGS2, PTPLB, PTPN11, PTPN12, RAB10, RAB11A, RAB11FIP2, RAB1A, RAB21, RAB33B, RAB8B, RAD23B, RAE1, RAP1B, RASA1, RBM15, RBM22, RBM25, RBM7, RBPMS2, RCOR3, RDX, RFC1, RFC5, RFWD2, RGS2, RHOB, RIOK1, RIPK5, RNF121, RNF13, RNF138, RNF149, RNGTT, ROD1, RPS6KA5, RPS6KB1, RSBN1L, RTN3, RTN4, RUNDC1, SACM1L, SEC23IP, SELT, SEPHS2, SEPT7, SERTAD3, SESN1, SETDB2, SFPQ, SFRS12, SFRS2IP, SGK, SKP2, SLC15A4, SLC16A5, SLC25A11, SLC25A19, SLC25A25, SLC26A6, SLC27A3, SLC2A3, SLC2A6, SLC30A9, SLC35A5, SLC35B3, SLC38A2, SLK, SMAD4, SMNDC1, SNTB2, SNX11, SNX16, SP4, SPAG9, SPCS3, SPTLC1, SRC, SRRM1, SS18L1, SSH2, SSR1, ST3GAL6, STAG1, STARD10, STAU2, STK4, STX12, STX6, STXBP5, SUCLG2, SUGT1, SUOX, SUPT5H, TACC1, TACC3, TAF4, TCFL5, TFAM, TFPT, THUMPD1, TIA1, TLE4, TLK1, TM9SF2, TMED5, TMEM2, TMEM30A, TMEM33, TMEM41B, TNRC15, TP53I3, TPM4, TRAPPC3, TRAPPC6B, TRIB1, TRIM39, TRIM8, TRIP11, TTRAP, TTYH3, TXNDC9, UBE2D2, UBE3A, UBE4A, UBP1, UBQLN2, UGDH, UGP2, UPP1, USP1, USP38, USP8, VASP, VCP, VGLL4, VPS18, VPS4B, WARS, WASL, WDFY1, WDR20, WDR37, WDR4, WSB1, XAB2, XPO1, YES1, YTHDF1, YTHDF2, YWHAG, YWHAH, ZCWPW1, ZDHHC12, ZDHHC5, ZFP36L1, ZHX2, ZMPSTE24, ZMYM1, ZNF142, ZNF18, ZNF189, ZNF20, ZNF207, ZNF263, ZNF295, ZNF302, ZNF317, ZNF322A, ZNF407, ZNF529, ZNF548, ZNF564, ZNF586, ZNF615, ZNF644, ZZZ3"
"pink","160950_REACTOME_Processing_of_Capped_Intron-Containing_Pre-mRNA__Reactome_NCBI_Biosystems","PW_Lists",2.38574621770078e-08,37,"CLP1, CPSF1, CSTF3, DDX23, DNAJC8, EFTUD2, HNRNPA0, HNRNPA2B1, HNRNPD, HNRNPH1, HNRNPL, HNRNPM, HNRNPR, METTL3, NFX1, NUP107, NUP160, NUP205, NUP62, NUP85, NUP93, NUPL2, NXF1, PABPN1, POLR2B, PRPF4, RBM5, RNPS1, SEH1L, SF3A3, SF3B1, SF3B2, SNRNP40, SNRNP70, SNRPA, TPR, U2AF2"
"black","Astrocyte_probable__Cahoy","Brain",6.94499142096732e-08,167,"ABHD3, ABR, ACOX1, ACTB, ALDH1A1, ALDH2, ALPL, ANXA2, ANXA5, AP3S1, APH1B, AQP9, ARNTL, B2M, BHLHB2, C10orf26, C10orf54, C1orf85, C20orf177, C20orf24, C20orf3, CCND3, CD14, CD302, CD44, CD63, CDKN1B, CEBPB, CEBPD, CHI3L1, CIDEB, CKLF, CLIC1, CMTM3, CMTM6, COTL1, CPT2, CRISPLD2, CST3, CTDSP1, CTSC, CTSZ, CUEDC1, CUGBP2, CXCL1, CYBA, DAZAP2, DDAH2, DDIT3, DDIT4, DIRC2, DSCR3, DUSP1, EFHD2, EGR1, ENTPD1, FCGRT, FIP1L1, FOS, GCA, GK, GNA13, GNAI2, GNG5, GOLPH3, GRN, GUSB, HIST2H2BE, IFITM2, IFITM3, IL13RA1, IMPA2, ING3, IRAK2, IRF1, ITM2B, JUNB, KIAA0146, KRCC1, LACTB, LAMP2, LASP1, LIMS1, LMBRD1, LRRK2, LYN, M6PRBP1, MANBA, MANSC1, MAPKAPK3, METTL9, MGST1, MSRB2, MTMR11, NBN, NDE1, NFE2L2, NFKBIA, NIPA2, NMI, NPC1, NQO2, NUDT3, OAF, OSGIN2, PANK2, PARP9, PELI2, PFKFB3, PGCP, PGM1, PIAS1, PIK3CA, PLSCR1, PLXNC1, POR, PPM1M, PPP1R3D, PRKCD, PSAP, PTEN, PTTG1IP, RAB35, RAB7L1, RABGEF1, RNASET2, RP2, S100A4, S100A6, SAMD9L, SAP30L, SBNO2, SCPEP1, SDF2, SEC63, SEMA4A, SIRPA, SLC12A9, SLC39A1, SLC44A2, SMPDL3A, SOCS3, SOD2, SPPL2A, STAT3, STAT5B, STK40, TICAM1, TLR6, TMEM185B, TMEM43, TNFRSF1A, TOM1, TOR1AIP1, TP53INP1, TPMT, TPP1, TRIM21, TRIOBP, TSC22D3, TSPO, TXNIP, VIM, ZEB2, ZFP106, ZFP36, ZNF467"
"black","160140_REACTOME_Signaling_by_Interleukins__Reactome_NCBI_Biosystems","PW_Lists",1.05649301610248e-07,29,"CASP1, CBL, CRK, CSF2RA, GAB2, GRB2, HCK, IL1B, IL1RN, IRAK2, LYN, MAP2K4, MAPK1, MAPK3, MYD88, NFKB1, NFKB2, NOD2, PELI1, PELI2, PIK3CA, RAF1, RIPK2, SOCS3, STAT3, STAT5B, SYK, YWHAB, YWHAZ"
"greenyellow","Oligodendrocyte_probable__Cahoy","Brain",1.13379182758058e-07,205,"ACSL1, ACSS2, AKTIP, ALDH3A2, ANKIB1, ANKRD28, ANKRD49, APPBP2, ARHGAP12, ARL5A, ARL5B, ARSB, ATP6V0A2, ATP9A, BAZ1A, BAZ2B, BCL2A1, BMI1, C14orf147, C17orf62, C5orf15, CAPZA1, CCDC128, CCNJL, CD47, CDC2L6, CDC40, CDC42SE2, CDYL, CENTB2, CHD7, CHES1, CHFR, CHN2, CHUK, CLIC4, CLK4, CLN3, COBLL1, COMMD9, COQ2, CP110, CPD, CTSA, CTSS, DEGS1, DERA, DGAT2, DICER1, DIP2B, DYNC1LI2, E2F3, EAF1, EFHA1, EHD4, ELMOD2, EMILIN2, EPS15, ERO1L, ETV6, FAM43A, FAM53B, FAM98A, FBN2, FBXO11, FBXO28, FKBP15, FLJ14213, FRAG1, GMFB, GPR137B, GTF2F2, H2AFY2, HADH, HERC5, HMG20A, HMGCS1, HSD17B12, ICK, IDH1, IDI1, IFNAR2, ITCH, ITPK1, JMJD1C, KIAA0240, KIAA1712, KLHL2, LAPTM5, LASS5, LDLR, LEPRE1, LSM14A, MAP3K11, MAP3K7, MAPK6, MARCKS, MBNL2, MEGF9, MON2, MPZL1, MTF1, MTHFD2, MX1, NDEL1, NFKBIE, NFKBIZ, NKIRAS2, NUP214, NVL, OLIG1, ORC2L, OSTM1, P2RX4, PACSIN2, PAK1, PAK2, PAM, PCNX, PDE4B, PDXK, PICALM, PIGA, PKP4, PLCG2, PLD1, PLEKHG3, PLOD2, PPM1D, PPP1R16B, PPP3CB, PPT1, PRKCZ, PSAT1, PTPN11, PXN, RAB10, RAB21, RAB32, RAB8B, RAD23B, RAP1A, RBM22, RDX, REEP5, RER1, RERE, RFTN1, RHOU, RIPK5, RNF13, RNPC3, ROCK1, ROD1, RPS6KB1, RTN4, SEMA4D, SEPT7, SETD8, SETDB2, SFPQ, SFRS12, SFRS16, SFRS2IP, SGK, SLC15A4, SLC25A1, SLC35A3, SLC35A5, SLC38A2, SLC44A1, SLK, SLTM, SPAST, SPTLC1, ST3GAL6, STARD3, STX2, STX6, SULF2, TAPT1, TBK1, TDRD7, TM9SF3, TMED7, TMEM181, TMEM2, TMEM30A, TMEM33, TMEM41B, TMEM49, TRIP11, UBE2J1, UBE4A, UBL3, VCAN, VPS36, VPS37A, VPS4B, WARS, WDFY1, WSB2, XAB2, YEATS2, ZZZ3"
"red","overexpressed_in_erythrocyte_precursors_(CD36+)__Cui","StemCells",1.20403444388009e-07,61,"ACSL6, AK1, ALAS2, ANK1, ARL4A, BNIP3L, C20orf108, C5orf4, CA1, CCRL2, CTSB, DENND1A, DNAJA4, ELL2, EPB42, EPB49, FAM83A, FBXO7, FECH, FHL2, GMPR, GYPB, HEMGN, HIST1H2AC, HIST1H3H, HK1, HMBS, ICAM4, IFI27, JAZF1, KLF3, LBH, LRP10, MICAL2, MPP1, MXI1, MYL4, NPL, OSBP2, PAQR9, PLEK2, PPP2R5B, RAP1GAP, RHCE, RHD, SEC14L4, SELENBP1, SLC14A1, SLC25A37, SLC6A8, SNX5, SPTB, TFR2, TMEM56, TMOD1, TPM1, TRAK2, TRIM10, VRK3, WNK1, XK"
"magenta","salmon_M12_Ribosome__MouseMeta","Brain",2.0545307062275e-07,27,"ATPIF1, C14orf156, C6orf115, C9orf85, COMMD6, COX6C, HINT1, MRPL13, MRPL17, MRPL36, MRPS12, NDUFB3, NDUFB9, NDUFS4, NDUFS5, RPL7, RPL7A, RPS15A, RPS19, RPS26, RPS5, SEC11A, SF3B14, SNHG6, TBCA, TOMM7, TXNDC17"
"pink","198843_WikiPathways_mRNA_processing__Wiki_Pathways_NCBI_Biosystems","PW_Lists",2.23155237847193e-07,34,"CLP1, CPSF1, CPSF4, CSTF3, DDX1, DNAJC8, EFTUD2, HNRNPA2B1, HNRNPD, HNRNPH1, HNRNPL, HNRNPM, HNRNPR, METTL3, NONO, NXF1, PABPN1, PPM1G, PRPF4, PRPF40A, PRPF4B, RBM39, RBM5, RNMT, RNPS1, SF3A3, SF3B1, SF3B2, SNRNP40, SNRNP70, SNRPA, SPOP, TMED10, U2AF2"
"black","6112_pad_autophagy_db_594__Palazzolo_and_Wang","PW_Lists",2.93217759670771e-07,71,"ACAP2, ACVR1B, ADRBK1, ANXA1, AP1G1, AP3B1, AP3D1, AP3S1, ARFGAP3, ARRB2, ATF6, ATG2A, ATP6V0D1, CASP1, CASP4, CBL, CD63, CDKN1A, CDKN1B, CHMP2B, CTSC, CTSH, CTSZ, CXCR1, DDIT3, DRAM1, EHD1, FADD, FAS, FOLR3, GAPDH, GBA, GIT2, GUSB, HEXB, HLA-A, HLA-B, HLA-C, HLA-E, HSPA1A, HSPA1L, HSPA6, LAMP1, LAMP2, LRRK2, MANBA, MAPK1, MAPK3, MYD88, NAPSA, NPC1, NPC2, P4HB, PRKCD, PSAP, PTEN, PTPRC, RAB31, RAF1, RGS19, RHOA, RUFY1, SERPINA1, SH3KBP1, SLC11A1, SMAP2, STAMBP, SYK, TPP1, VPS37C, WDR45L"
"greenyellow","blue_M16_Neuron__CTX","Brain",4.6167882621502e-07,117,"ABI1, AGGF1, AKAP11, ALDH3A2, APLP2, ARFGEF1, ARL6IP5, ARMC1, ARPC5, ATP6AP2, ATP6V1A, ATP6V1C1, AZIN1, BMPR2, C14orf147, C5orf5, CAB39, CAND1, CANX, CAPZA2, CCNG2, CD164, CD46, CDC40, CEBPG, CHN2, CNOT8, CORO1C, CPD, CUL4B, CUL5, DERL1, DHX15, DNAJC10, DUSP3, ECHDC1, ETS2, FBXO28, FEZ2, FLI1, FLII, FOXJ3, GDI2, GMFB, GNB1, GNS, GRSF1, HMGCR, HMGCS1, HSBP1, HSPA4, ITGB5, ITPR1, KBTBD11, KIDINS220, MAFB, MAP2K1, MAP3K7, MBNL1, MBNL2, MRFAP1L1, NAB1, NPEPPS, P15RS, PAK1, PARN, PDE4B, PHTF1, PICALM, PJA2, PKN1, PPP1R12A, PPP1R16B, PRKAR1A, PRMT5, PRNP, PRUNE, PTPN11, RAB11A, RAB3GAP2, RAD23B, RASA1, RBM25, RCOR3, REEP5, RERE, RIPK5, RNGTT, ROD1, RRN3, RTN4, SCAMP1, SELT, SERINC1, SFPQ, SFRS10, SORT1, SPAG9, SPCS3, SPTLC1, SSR1, STK4, SYNJ1, TBC1D9, TM9SF2, TMEM30A, TPM4, TRAM1, TRAPPC3, TXNDC9, UBE3A, USP9X, WARS, YWHAH, ZFR, ZNF207, ZWILCH"
"black","198770_WikiPathways_IL-5_Signaling_Pathway__Wiki_Pathways_NCBI_Biosystems","PW_Lists",6.37508318977165e-07,24,"ALOX5, ALOX5AP, BTK, CBL, CCND3, CDKN1B, CTNNB1, GRB2, HCK, HCLS1, ITGAM, ITGB2, LYN, MAPK1, MAPK3, NFKB1, NFKBIA, PRKCD, RAC1, RAF1, STAT3, STAT5B, SYK, YWHAZ"
"red","DownWithAlzheimers_Liang__ADvsCT_inCA1","Brain",7.07084919271262e-07,92,"ACO2, ACP1, ACTR10, AGPAT3, AHSA1, ANKH, ANXA7, AP2M1, ARF1, ARL6IP1, ASAH1, ASH2L, ATP6V1D, ATP6V1E1, BPGM, BRWD1, C1orf43, C5orf22, C7orf41, CCNDBP1, CCNI, CDC42, CETN2, CHMP2A, CHMP4B, COPS5, COX6B1, CSNK2B, DAD1, DDX3X, DHX29, DNAJA4, DNAJB6, EIF1, ELL2, ENDOD1, ENSA, FAM20B, FBXO7, GABARAPL1, GABARAPL2, GHITM, GNAS, HK1, HRSP12, IK, KCTD2, KIAA0430, MAP1LC3B, MARK3, MAT2B, MICAL2, MRFAP1, MRPL14, NAP1L4, NCOA4, NDUFA1, OPA1, PCBP1, PGM2L1, PRDX1, PRDX3, PSMD10, PSMD6, RBX1, RHEB, RPA1, RRAGA, SARS, SDCBP, SH3BGRL, SHOC2, SNX17, SNX3, SNX4, SOD1, STRAP, STX7, SUV420H1, TALDO1, TBC1D23, TERF2IP, TIMM23, TPM1, TRIP12, TSPAN7, UBQLN1, UFC1, USP15, USP7, WAC, YPEL5"
"pink","22578497_synaptic_transcriptome_2338__PMID_22578497_Cajigas_2012","PW_Lists",9.93200573342469e-07,193,"AARS, ABCF1, AIMP2, ALG6, ANKFY1, ANKRA2, AP1B1, API5, ARCN1, ARHGAP1, ARHGDIA, ATP1A1, ATP2A2, ATP6V1H, BMS1, BOP1, C19orf6, CCND2, CCT6A, CD3E, CD84, CDC37, CDK5RAP1, CHMP4A, CIRH1A, CLEC16A, CLPTM1L, CNOT2, COPB1, COPS6, CPSF1, CPSF4, CRBN, CRELD1, CSE1L, CSNK1E, CSNK1G2, CTNNBL1, CUL2, CYB561D1, DCTN5, DDX23, DDX24, DDX56, DHX36, DRG1, DYM, DYNC1H1, DYNC1I2, DYRK2, EEF2, EIF3B, EIF4A1, ENTPD6, EPSTI1, EVL, FAF2, FBXO21, FN3KRP, FNBP4, FTSJD2, FXR1, GALNT11, GLTSCR1, GNL2, GOLGA5, GOT1, GPATCH4, GSPT2, GTPBP4, HEATR5B, HECTD1, HLA-DMA, HNRNPD, HNRNPL, HNRNPR, HSP90AA1, HSPH1, IFI44, INTS10, ITFG1, JAK1, KBTBD4, KIFAP3, KLHL12, KLHL22, LARS, LRRN3, MCM3AP, METAP1, MFAP1, MIOS, MPHOSPH10, NCAPH2, NDRG3, NECAP1, NELF, NELL2, NOP2, NOP56, NUCKS1, NUDC, NUP160, NUP205, NXF1, OGFOD1, P2RY11, PABPN1, PFKP, PIGT, PIK3R1, PNN, PPM1G, PPP1CC, PPP2R1A, PRMT3, PRPF31, PSMC1, PSMD1, PSMD7, PUM1, RALA, RANBP3, RASGRP1, RBM10, RBM34, RBM39, RBM5, REV1, REXO1, REXO4, RMND5B, RNF216, RNMT, RNPS1, RPAP3, RPS23, RRP7A, SAFB, SBF1, SEC31A, SECISBP2L, SEL1L3, SENP2, SF3A3, SF3B1, SF3B2, SLC7A6, SNRNP70, SNRPA, SRP68, SRP72, STMN1, STMN3, STX16, SUPT16H, TAF15, TATDN2, TBCB, TESK1, TFG, TLK2, TMED9, TMEM175, TMF1, TPR, TRA2A, TRIM33, TRIM44, TRMT12, TSSC1, TTC13, TTC37, TTC5, UBE2G2, UBE3C, UPF3A, USP11, USPL1, VPS16, VPS45, VPS52, WDR54, WDR67, WDR75, XPO4, YARS, ZC3HC1, ZFYVE21, ZMYM4, ZNF512, ZNF654, ZNF827"
"black","106386_REACTOME_Immune_System__Reactome_NCBI_Biosystems","PW_Lists",1.5167933397547e-06,91,"B2M, CASP1, CASP4, CBL, CD14, CD44, CD86, CRK, CSF2RA, EGR1, EIF4E3, FADD, FCGR1A, FCGR1B, FOS, GAB2, GBP1, GBP5, GRB2, HCK, HLA-A, HLA-B, HLA-C, HLA-DPB1, HLA-E, IFI30, IFI35, IFIT3, IFITM1, IFITM2, IFITM3, IL1B, IL1RN, IRAK2, IRF1, IRF2, IRF9, ITGB2, KPNB1, LCP2, LYN, MAP2K4, MAPK1, MAPK3, MAPKAPK3, MYD88, NFKB1, NFKB2, NFKBIA, NLRP3, NOD2, PELI1, PELI2, PIAS1, PIK3CA, PRKCD, PSMB3, PSMB9, PSME3, PTEN, PTPRC, PVRL2, PYCARD, RAC1, RAF1, RBCK1, RIPK2, RNF135, RNF144B, RNF19B, S100A12, SELL, SOCS3, SP100, STAT3, STAT5B, SYK, TICAM1, TLR4, TLR6, TLR8, TNFAIP3, TRIM21, TWF2, TXNIP, TYROBP, UBE2A, UBE2D4, WAS, YWHAB, YWHAZ"
"green","salmon_M12_Ribosome__HumanMeta","Brain",2.27663222577796e-06,31,"CNBP, EEF1A1, EIF3D, EIF3E, EIF3F, FBL, GLTSCR2, GNB2L1, HSPE1, IMPDH2, LOC642741, NAP1L1, RPL13A, RPL17, RPL19, RPL22, RPL24, RPL27, RPL3, RPL35A, RPL36AL, RPL4, RPL5, RPL6, RPLP0, RPS24, RPS25, RPS6, RPS7, RPS8, SSR2"
"black","83104_KEGG_Shigellosis__Kegg_NCBI_Biosystems","PW_Lists",2.2785405404715e-06,21,"ACTB, ARPC1A, ARPC1B, ARPC2, ARPC4, CD44, CRK, ELMO1, HCLS1, MAD2L2, MAPK1, MAPK3, NFKB1, NFKBIA, NOD2, PFN1, RAC1, RHOG, RIPK2, U2AF1, WAS"
"black","upInFrontalCortex__EarlyAD","Brain",4.77469473361294e-06,30,"AIF1, ALOX5AP, CASC3, CASP4, CD14, CD302, CEBPD, CLIC1, CTSH, DYNLT1, FCGR1A, FCGR3B, HCK, HIST2H2BE, HLA-A, HLA-E, IFI30, IFITM1, ITGB2, LAMP2, LCP1, LYN, NFKBIA, PECAM1, PTPRC, RGS19, RP2, RRAS, TYROBP, U2AF1"
"red","DownWithAlzheimers_Blalock__ADvsCT_inCA1","Brain",4.94550051057853e-06,112,"ACO2, ACP1, ACTR10, ACTR1A, AMFR, ANXA7, ARF1, ASAH1, ASF1A, ATP6V0C, ATP6V1D, ATP6V1E1, AUH, BAT3, BSG, C18orf10, C1orf109, C2orf34, C6orf62, CACYBP, CDKN2D, CHMP5, CHP, CLK3, CMAS, COPS2, COPS5, COX17, COX6A1, COX6B1, COX7A2, CSNK2B, CTSB, DNCL1, EIF2AK1, ELOVL6, ENSA, EPB49, ETFA, ETNK1, FAM20B, FBXO9, FKBP1A, GHITM, GLUL, GNAS, GOSR2, HCCS, HDAC2, HERC1, HIP2, HRSP12, IDH3G, KPNA1, LARP1, MAN1A1, MARK3, MICAL2, MKRN1, MPP1, MRPL16, NDUFA1, NEDD8, OAT, OPA1, PBX1, PCCB, PIK3R2, PINK1, PIP5K1B, PLCL2, POLR2J2, PPP2R5B, PPP3R1, PRDX2, PRDX3, PSMD4, RAB5C, RAB6A, RAD23A, RBX1, RNF11, RSU1, SDHB, SERPINI1, SH3BGRL, SKP1A, SNCA, SNX3, SOD1, STOM, SUV420H1, TBPL1, TERF2IP, TFDP1, THEM2, TIMM23, TMOD1, TOP1, TRIM23, TSPAN7, TSPYL1, TXNL2, UBE2G1, UFC1, USP15, VBP1, WBP4, WNK1, XK, YPEL5, ZNF410"
"green","Annotated_genes_bound_by_RNA_polymerase_II_(Table_S2)__Lee","StemCells",6.38946688045426e-06,468,"AASDHPPT, ABI2, ACAT2, ACTG1, ACTL6A, ACYP2, ADK, ADSL, AHCY, AK2, AKR7A2, ANAPC10, ANAPC13, APBA3, APEX1, APEX2, APOA1BP, APRT, ARMCX6, ARMET, ARPC3, ARV1, ATAD1, ATF4, ATIC, ATP5A1, ATP5C1, ATP5F1, ATP5G2, ATP5H, ATP5J, ATP5O, BANF1, BCCIP, BIN1, BTBD1, BUB3, C10orf32, C10orf78, C11orf1, C14orf112, C14orf135, C14orf142, C14orf166, C15orf24, C18orf21, C18orf55, C1orf41, C2orf25, C2orf28, C4orf14, C5orf13, C6orf130, C7orf23, C7orf30, C9orf10OS, C9orf119, C9orf23, C9orf46, CALM2, CBFB, CBLL1, CCDC12, CCDC5, CCM2, CCNC, CCNG1, CCNH, CCT3, CCT7, CCT8, CD72, CDC26, CDK4, CECR5, CETN3, CFDP1, CHCHD1, CHCHD4, CHORDC1, CHURC1, CIP29, CIRBP, CLK1, CLNS1A, CLTA, CNOT7, COMMD1, COMMD10, COMMD7, COMMD8, COPS4, COX5A, COX5B, COX7A2L, COX8A, CRLF3, CSNK1A1, CSRP2BP, CUEDC2, CXCR4, CXorf26, CXXC5, DBI, DCTD, DCTN6, DDT, DDX10, DGUOK, DHRS3, DHRS4, DHRS4L2, DHX9, DMXL2, DNPEP, DPM1, DUSP11, DUSP12, E2F5, EAF2, EBAG9, EBPL, EEF1A1, EEF1E1, EEF1G, EIF4B, EMP3, ERH, ERN1, ESD, EXOSC1, EXOSC9, FABP5, FAM32A, FAM36A, FARS2, FBL, FBXO8, FHIT, FNTA, FRS3, GABPA, GGPS1, GLO1, GLT8D1, GLTSCR2, GNB2L1, GNB5, GNL3, GNPTG, GOLT1B, GTPBP3, HADH2, HAT1, HCP5, HERPUD1, HINT2, HIST1H2BD, HIST1H2BG, HMGA1, HMGN1, HMGN2, HMGN4, HNRPC, HPS6, HRASLS3, HSPA14, HSPA8, HSPC157, HSPE1, ICT1, ID2, ID3, IER5, IGBP1, ILF2, IMPDH2, IRF2BP2, ITGB3BP, ITGB4BP, ITM2C, ITPA, KARS, KCTD5, KIAA0020, KIAA0391, KIAA1143, KIAA1160, KIF5B, KLHL9, LCMT1, LCMT2, LDHB, LEPROTL1, LIG1, LIPT1, LOC124512, LOC147727, LOC147804, LOC388796, LSM3, LYAR, LYPLA1, LYPLAL1, MAD1L1, MAD2L1, MAD2L1BP, MAGED1, MAGOH, MAP2K1IP1, MAPKAP1, MAPKAPK5, MAPRE2, MBD1, MBIP, MCEE, MDH1, MED19, METTL1, MGC15763, MID1IP1, MIS12, MKI67IP, MKRN2, MORF4L1, MORF4L2, MPV17, MRLC2, MRPL12, MRPL18, MRPL20, MRPL24, MRPL27, MRPL3, MRPL32, MRPL34, MRPL35, MRPL39, MRPL42, MRPL43, MRPL44, MRPL46, MRPL50, MRPL51, MRPL52, MRPS11, MRPS15, MRPS17, MRPS18B, MRPS18C, MRPS22, MRPS23, MRPS26, MRPS28, MRPS30, MRPS33, MRPS7, MRPS9, MTIF3, MTO1, MYC, NCBP2, NCK1, NDUFA8, NDUFB8, NDUFV3, NHP2L1, NIF3L1, NME1, NOSIP, NT5C, NUBP1, NUDCD2, NUDT16L1, NUP37, NUP54, NXT1, OGG1, ORMDL1, OXA1L, PAFAH1B3, PAK1IP1, PARK7, PCBD1, PCNA, PCNP, PDCD2, PDCD6, PDCL3, PDHA1, PDHX, PDXP, PEMT, PFDN1, PHF5A, PIGF, PIGK, PITPNC1, PLSCR3, PMPCB, PMS2L4, PMVK, PNPO, POLE3, POLG2, POLR1C, POLR2F, POLR2H, POP4, POP5, PPAT, PPIH, PPIL5, PPP2R5C, PPP3CC, PREI3, PRKAG2, PRKRA, PROSC, PSMA1, PSMA2, PSMA3, PSMA4, PSMA5, PSMA6, PSMB1, PSMB2, PSMB4, PSMB5, PSMB8, PSMC2, PSMC6, PSMD14, PSME1, PSME2, PTCD1, PTGES2, PTPN2, PXMP3, QARS, RAD51C, RALY, RAN, RANBP6, RBM16, RBM4, RBMX, RCN2, REPIN1, RFC4, RPF1, RPL13A, RPL15, RPL17, RPL19, RPL22, RPL23A, RPL24, RPL26L1, RPL27, RPL27A, RPL3, RPL35A, RPL36AL, RPL4, RPL5, RPL6, RPLP0, RPS24, RPS25, RPS27A, RPS4X, RPS6, RPS8, RSL1D1, RUVBL2, RWDD1, S100A10, SAE1, SAP30, SC5DL, SCNM1, SCOC, SDHD, SEC61B, SELS, SET, SFRS3, SLC25A3, SLC2A8, SLC33A1, SMYD2, SNRPA1, SNRPB, SNRPC, SNRPF, SNRPN, SNURF, SOCS2, SPAG7, SPCS1, SPCS2, SPG21, SRM, SRP14, SRP19, SSBP1, ST6GAL1, STARD3NL, STUB1, STX8, STXBP3, SUCLG1, SUMF2, SUMO2, SUMO3, TAF12, TAF2, TAF7, TARS, TATDN1, TBC1D22A, TBC1D4, TBCE, TCEAL1, TCEAL8, TCP1, TEX264, TFB2M, TGDS, THAP1, TIMM10, TIMM9, TINP1, TMEM4, TMEM42, TMSB10, TNFAIP8, TOMM40, TRAPPC2, TRAPPC4, TRIM5, TRNT1, TUBB, TUFM, UCHL3, UCKL1, UHRF2, UQCRC2, UTP14A, VAMP8, VDAC1, VPS29, WBP5, WDR12, WEE1, WTAP, XBP1, YEATS4, YWHAQ, ZCCHC8, ZCCHC9, ZNF17, ZNF259, ZNF274, ZNF330, ZNF550, ZNRD1"
"magenta","midnightblue_M2_Ribosome__CTX","Brain",6.40105897818501e-06,10,"FAU, RPLP1, RPS16, RPS17, RPS19, RPS20, RPS21, RPS27, RPS29, RPS5"
"black","375149_KEGG_Salmonella_infection__Kegg_NCBI_Biosystems","PW_Lists",6.68776186416453e-06,22,"ACTB, ARPC1A, ARPC1B, ARPC2, ARPC4, CASP1, CCL3, CCL3L3, CD14, CXCL1, FOS, IL1B, MAPK1, MAPK3, MYD88, NFKB1, PFN1, PYCARD, RAC1, RHOG, TLR4, WAS"
"black","375172_KEGG_Salmonella_infection__Kegg_NCBI_Biosystems","PW_Lists",6.68776186416453e-06,22,"ACTB, ARPC1A, ARPC1B, ARPC2, ARPC4, CASP1, CCL3, CCL3L3, CD14, CXCL1, FOS, IL1B, MAPK1, MAPK3, MYD88, NFKB1, PFN1, PYCARD, RAC1, RHOG, TLR4, WAS"
"black","NF-kappaB pathway__ImmunePathway","Immune",1.52285779825852e-05,22,"BCL3, CASP1, EGR1, FADD, FOS, IL1B, IRAK2, MYD88, NFKB1, NFKB2, NFKBIA, RAF1, RHOA, SLC44A2, TICAM1, TLR4, TLR6, TLR8, TNFAIP3, TNFRSF10B, TNFRSF1A, TRADD"
"black","213743_KEGG_Tuberculosis__Kegg_NCBI_Biosystems","PW_Lists",1.53341038814146e-05,32,"ATP6V0D1, CD14, CEBPB, CLEC7A, CORO1A, CR1, FADD, FCER1G, FCGR1A, FCGR2A, FCGR3B, HLA-DPB1, IL1B, IRAK2, ITGAM, ITGB2, LAMP1, LAMP2, LSP1, MAPK1, MAPK3, MYD88, NFKB1, NOD2, RAF1, RHOA, RIPK2, SYK, TLR4, TLR6, TNFRSF1A, TRADD"
"black","213780_KEGG_Tuberculosis__Kegg_NCBI_Biosystems","PW_Lists",1.53341038814146e-05,32,"ATP6V0D1, CD14, CEBPB, CLEC7A, CORO1A, CR1, FADD, FCER1G, FCGR1A, FCGR2A, FCGR3B, HLA-DPB1, IL1B, IRAK2, ITGAM, ITGB2, LAMP1, LAMP2, LSP1, MAPK1, MAPK3, MYD88, NFKB1, NOD2, RAF1, RHOA, RIPK2, SYK, TLR4, TLR6, TNFRSF1A, TRADD"
"black","96864_KEGG_Chemokine_signaling_pathway__Kegg_NCBI_Biosystems","PW_Lists",1.53341038814146e-05,32,"ADRBK1, ARRB2, CCL3, CCL3L3, CCR1, CCR3, CRK, CXCL1, CXCL16, CXCR1, ELMO1, FGR, GNAI2, GNG10, GNG5, GRB2, HCK, LYN, MAPK1, MAPK3, NCF1, NFKB1, NFKBIA, PIK3CA, PRKCD, RAC1, RAC2, RAF1, RHOA, STAT3, STAT5B, WAS"
"black","99051_KEGG_Chemokine_signaling_pathway__Kegg_NCBI_Biosystems","PW_Lists",1.53341038814146e-05,32,"ADRBK1, ARRB2, CCL3, CCL3L3, CCR1, CCR3, CRK, CXCL1, CXCL16, CXCR1, ELMO1, FGR, GNAI2, GNG10, GNG5, GRB2, HCK, LYN, MAPK1, MAPK3, NCF1, NFKB1, NFKBIA, PIK3CA, PRKCD, RAC1, RAC2, RAF1, RHOA, STAT3, STAT5B, WAS"
"black","General chemokine pathways__ImmunePathway","Immune",1.53341038814146e-05,32,"ADRBK1, ARRB2, CCL3, CCL3L3, CCR1, CCR3, CRK, CXCL1, CXCL16, CXCR1, ELMO1, FGR, GNAI2, GNG10, GNG5, GRB2, HCK, LYN, MAPK1, MAPK3, NCF1, NFKB1, NFKBIA, PIK3CA, PRKCD, RAC1, RAC2, RAF1, RHOA, STAT3, STAT5B, WAS"
"royalblue","530758_REACTOME_Alpha-defensins__Reactome_NCBI_Biosystems","PW_Lists",2.48431104750034e-05,4,"DEFA1, DEFA1B, DEFA3, DEFA4"
"green","105965_REACTOME_Translation__Reactome_NCBI_Biosystems","PW_Lists",2.53870894834571e-05,41,"EEF1A1, EEF1G, EIF3D, EIF3E, EIF3F, EIF3G, EIF3H, EIF3I, EIF4B, EIF4H, LOC653566, RPL13A, RPL15, RPL17, RPL19, RPL22, RPL23A, RPL24, RPL26L1, RPL27, RPL27A, RPL3, RPL35A, RPL4, RPL5, RPL6, RPLP0, RPS24, RPS25, RPS27A, RPS4X, RPS6, RPS7, RPS8, SEC11C, SEC61B, SPCS1, SPCS2, SRP14, SRP19, SSR2"
"black","6317_pad_bdnf_db_1127__Palazzolo_and_Wang","PW_Lists",5.15493762743692e-05,86,"ADRBK1, AIF1, ALDH2, APH1B, ARRB2, ATF6, ATP6V0D1, BTK, CBL, CCL3, CCR1, CD14, CDK5R1, CDKN1A, CDKN1B, CEBPB, CEBPD, CRK, CST3, CTNNB1, CXCR1, DDIT3, DDIT4, DNTTIP1, DUSP1, EGLN2, EGR1, FAS, FOS, GAB2, GADD45B, GNA13, GNA15, GNAI2, GNG10, GNG5, GRB2, IL1B, IL1RN, ILK, INPP1, JUNB, LDHA, LGALS8, MAP2K4, MAPK1, MAPK3, MMP9, MSRA, MYD88, NCSTN, NFE2L1, NFE2L2, NFIL3, NFKB1, NFKB2, NFKBIA, NINJ1, NPC1, NPC2, OGFR, PIAS1, PIK3CA, PIM3, PRKCD, PTEN, RAC1, RAC2, RAF1, RGS19, RHOA, RIPK2, RRAS, SEC63, SGK1, SLC9A1, SOD2, SP3, STAT3, STAT5B, TLR4, TNFRSF1B, TOM1, TRADD, VIM, ZFP36"
"green","6207_mito_housekeeping_pad_173__Palazzolo_and_Wang","PW_Lists",7.0964142773209e-05,39,"BAX, CHCHD4, CRLS1, DAP3, GLTSCR2, HAX1, HMGA1, HMOX1, MPV17, MRPL12, MRPL18, MRPL27, MRPL3, MRPL32, MRPL34, MRPL35, MRPL39, MRPL42, MRPL43, MRPL45, MRPL51, MRPL52, MRPS11, MRPS15, MRPS17, MRPS18B, MRPS18C, MRPS22, MRPS26, MRPS28, MRPS33, MRPS35, MRPS9, PMPCB, TFB2M, TIMM10, TIMM9, TOMM40, TRNT1"
"black","137932_Pathway_Interaction_Database_IL6-mediated_signaling_events__Pathway_Interaction_Database_NCBI_Biosystems","PW_Lists",7.20941154615912e-05,15,"CEBPB, CEBPD, FOS, GRB2, HCK, IRF1, JUNB, MAP2K4, PIAS1, PIK3CA, PRKCD, RAC1, SOCS3, STAT3, TIMP1"
"green","413412_KEGG_Immunoproteasome__Kegg_NCBI_Biosystems","PW_Lists",8.04710820679364e-05,12,"PSMA1, PSMA2, PSMA3, PSMA4, PSMA5, PSMA6, PSMB1, PSMB2, PSMB4, PSMB8, PSME1, PSME2"
"green","6201_mito_db_pad_2664__Palazzolo_and_Wang","PW_Lists",8.79001847267644e-05,234,"AASDHPPT, ACTG1, ADSL, AES, AGK, AK2, AKR1A1, AKR7A2, APEX1, APEX2, ARL2BP, ATAD1, ATP5A1, ATP5C1, ATP5F1, ATP5G2, ATP5H, ATP5J, ATP5O, ATP5SL, BAX, BIN1, BLK, BTG2, BUB3, C1QBP, C21orf33, C2orf47, C7orf23, CBFB, CCNG1, CCT3, CCT8, CD27, CECR5, CHCHD10, CHCHD4, CIB1, CIRBP, CISD1, COQ5, COQ9, COX5A, COX5B, COX7A2L, COX8A, CRLS1, CSNK1A1, CXCR4, CYC1, DAP3, DBI, DCTN6, DGUOK, DHRS4, DNMT1, DYNLT3, EEF1A1, EEF1G, EI24, EIF2A, ERN1, FARS2, FHIT, FIBP, GGCT, GLO1, GLTSCR2, GTPBP3, GZMA, GZMK, GZMM, HAX1, HINT2, HIST1H2BD, HIST1H2BG, HLA-DRB4, HMGA1, HMOX1, HPRT1, HSD17B10, HSPA8, HSPE1, IDH2, IFI6, IGFBP7, ITGB3BP, KARS, KIAA0020, KIF5B, LDHB, LIPT1, LYPLA1, LYZ, MAD2L1, MAD2L1BP, MCEE, MDH1, MOAP1, MORF4L2, MPV17, MRPL12, MRPL18, MRPL20, MRPL24, MRPL27, MRPL3, MRPL32, MRPL34, MRPL35, MRPL39, MRPL42, MRPL43, MRPL44, MRPL45, MRPL46, MRPL50, MRPL51, MRPL52, MRPS11, MRPS15, MRPS17, MRPS18B, MRPS18C, MRPS22, MRPS23, MRPS26, MRPS28, MRPS30, MRPS33, MRPS35, MRPS6, MRPS7, MRPS9, MTCP1, MTERFD1, MTIF3, MTO1, MTX2, MYC, NDFIP2, NDUFA12, NDUFA8, NDUFB8, NDUFS3, NDUFV3, NFU1, NME1, NT5C, NTHL1, NUDT14, NUDT7, OAS1, OGG1, OMA1, OXA1L, PARK7, PCBD1, PCNA, PDCD5, PDHA1, PDHB, PDHX, PEMT, PGAM4, PHB2, PIGK, PIGY, PLEKHF1, PLSCR3, PMPCB, POLG2, PPA1, PPP1CA, PPP2CB, PPP3CC, PROSC, PSMA6, PSMC3, PTGES2, PTGES3, PTPMT1, PTRH2, PXMP2, RAN, RARRES3, RBM4, RFC4, RPL13A, RPL35A, RPL5, RPLP0, RPS24, RPS6, SAC3D1, SDHD, SELS, SET, SFXN4, SH2D1A, SIRT5, SLC25A3, SMS, SRM, SSBP1, STARD3NL, SUCLG1, TARP, TCL1A, TCL1B, TCP1, TFB2M, TIMM10, TIMM9, TMEM126A, TMEM147, TMEM85, TMSB10, TOMM40, TRMT112, TRNT1, TUFM, UBL4A, UBXN1, UQCRC2, UQCRFS1, USF2, VDAC1, VDAC3, VPS25, WTAP, XBP1, YARS2, YWHAQ"
"black","153859_KEGG_Phagosome__Kegg_NCBI_Biosystems","PW_Lists",0.000115753368602912,28,"ACTB, ATP6V0D1, ATP6V0E1, ATP6V1B2, CD14, CLEC7A, CORO1A, CYBA, FCAR, FCGR1A, FCGR2A, FCGR3B, HLA-A, HLA-B, HLA-C, HLA-DPB1, HLA-E, ITGAM, ITGB2, LAMP1, LAMP2, NCF1, NCF2, NCF4, RAC1, TLR4, TLR6, TUBA1A"
"black","153910_KEGG_Phagosome__Kegg_NCBI_Biosystems","PW_Lists",0.000115753368602912,28,"ACTB, ATP6V0D1, ATP6V0E1, ATP6V1B2, CD14, CLEC7A, CORO1A, CYBA, FCAR, FCGR1A, FCGR2A, FCGR3B, HLA-A, HLA-B, HLA-C, HLA-DPB1, HLA-E, ITGAM, ITGB2, LAMP1, LAMP2, NCF1, NCF2, NCF4, RAC1, TLR4, TLR6, TUBA1A"
"black","138050_Pathway_Interaction_Database_Fc-epsilon_receptor_I_signaling_in_mast_cells__Pathway_Interaction_Database_NCBI_Biosystems","PW_Lists",0.000130690406254573,18,"BTK, CBL, DUSP1, FCER1G, FOS, GAB2, GRB2, HCLS1, LAT2, LCP2, LYN, MAP2K4, MAPK1, MAPK3, NFKB1, PIK3CA, RAF1, SYK"
"black","218099_KEGG_Pertussis__Kegg_NCBI_Biosystems","PW_Lists",0.000130690406254573,18,"CASP1, CD14, CFL1, FOS, GNAI2, IL1B, IRF1, ITGAM, ITGB2, MAPK1, MAPK3, MYD88, NFKB1, NLRP3, PYCARD, RHOA, TICAM1, TLR4"
"black","218111_KEGG_Pertussis__Kegg_NCBI_Biosystems","PW_Lists",0.000130690406254573,18,"CASP1, CD14, CFL1, FOS, GNAI2, IL1B, IRF1, ITGAM, ITGB2, MAPK1, MAPK3, MYD88, NFKB1, NLRP3, PYCARD, RHOA, TICAM1, TLR4"
"green","105937_REACTOME_Gene_Expression__Reactome_NCBI_Biosystems","PW_Lists",0.000138557402755772,112,"CCNC, CCNH, CLNS1A, CNOT7, DHX9, EEF1A1, EEF1E1, EEF1G, EIF3D, EIF3E, EIF3F, EIF3G, EIF3H, EIF3I, EIF4B, EIF4H, EXOSC1, EXOSC3, EXOSC5, EXOSC6, EXOSC7, EXOSC9, FARS2, HIST1H2BD, HIST1H2BG, HSPA8, KARS, LOC653566, LSM10, LSM3, LSM4, MAGOH, MED10, MED27, MED30, MED7, NCBP2, NHP2L1, NUP37, NUP50, NUP54, PHAX, PHF5A, POLR1C, POLR2F, POLR2G, POLR2H, PPA1, PSMA1, PSMA2, PSMA3, PSMA4, PSMA5, PSMA6, PSMB1, PSMB2, PSMB4, PSMB5, PSMB8, PSMC2, PSMC3, PSMC6, PSMD14, PSME1, PSME2, QARS, RBMX, RPL13A, RPL15, RPL17, RPL19, RPL22, RPL23A, RPL24, RPL26L1, RPL27, RPL27A, RPL3, RPL35A, RPL4, RPL5, RPL6, RPLP0, RPS24, RPS25, RPS27A, RPS4X, RPS6, RPS7, RPS8, SEC11C, SEC61B, SET, SNRPA1, SNRPB, SNRPB2, SNRPF, SPCS1, SPCS2, SRP14, SRP19, SSB, SSR2, SSRP1, TAF12, TARS, TFB2M, TNFSF12, YARS2, ZNF17, ZNF274, ZNF550"
"magenta","160962_REACTOME_Respiratory_electron_transport__Reactome_NCBI_Biosystems","PW_Lists",0.00016145413843308,17,"COX4I1, COX6C, COX7C, NDUFAB1, NDUFB10, NDUFB11, NDUFB2, NDUFB3, NDUFB5, NDUFB6, NDUFB9, NDUFS4, NDUFS5, NDUFS8, UQCRH, UQCRHL, UQCRQ"
"green","cyan_M4_Mitochondria__MouseMeta","Brain",0.000189244943168198,46,"ANAPC13, ATP5J, ATP5O, BANF1, C17orf49, C1QBP, C6orf1, CCDC12, CDC26, CDK2AP2, CISD1, COX7A2L, CSTB, CUEDC2, DBI, DDT, FAM96B, GRHPR, HIGD2A, HINT2, ICT1, ID3, LSM3, LSM4, LXN, MRLC2, MRPL52, MRPS11, MRPS15, MRPS17, MRPS28, NDUFA8, NDUFB8, NDUFS3, NUDT16L1, PARK7, POLR2F, POLR2G, PPA1, SDHD, SEC61B, SHFM1, TIMM10, TMSB10, VAMP8, ZNF32"
"black","477114_REACTOME_Signal_Transduction__Reactome_NCBI_Biosystems","PW_Lists",0.000214036255600008,87,"AATF, ABR, ADAM10, ADRBK1, AKAP13, ANXA1, APBB1IP, APH1B, ARHGAP15, ARHGAP24, ARHGAP25, ARHGAP30, ARHGAP9, ARHGDIB, ATP6V0D1, ATP6V0E1, ATP6V1B2, CBL, CCL3, CCL3L3, CCR1, CCR3, CD55, CDKN1A, CDKN1B, CRK, CTNNB1, CXCL1, CXCL16, CXCR1, CYSLTR1, DNAJC25-GNG10, EMR1, FFAR2, FGD2, FPR1, FPR2, FRAT1, FRAT2, GAB2, GNA13, GNA15, GNAI2, GNG10, GNG5, GPBAR1, GRB2, ITGAM, ITGB2, LYN, MAPK1, MAPK3, MAPKAPK3, MMP9, MYD88, NCSTN, NFKB1, NFKBIA, OR2AG1, P2RY13, PECAM1, PIK3CA, PRKCD, PROK2, PSMB3, PSMB9, PSME3, PTEN, RAC1, RAC2, RAF1, RALB, RBPJ, RGS14, RGS19, RHOA, RHOG, RHOT1, RIPK2, RIT1, SH3KBP1, STAT3, STAT5B, STAT6, SYK, TWF2, YWHAB"
"black","144028_KEGG_Leishmaniasis__Kegg_NCBI_Biosystems","PW_Lists",0.000222152206108152,19,"CR1, CYBA, FCGR1A, FCGR2A, FCGR3B, FOS, HLA-DPB1, IL1B, ITGAM, ITGB2, MAPK1, MAPK3, MYD88, NCF1, NCF2, NCF4, NFKB1, NFKBIA, TLR4"
"black","144181_KEGG_Leishmaniasis__Kegg_NCBI_Biosystems","PW_Lists",0.000222152206108152,19,"CR1, CYBA, FCGR1A, FCGR2A, FCGR3B, FOS, HLA-DPB1, IL1B, ITGAM, ITGB2, MAPK1, MAPK3, MYD88, NCF1, NCF2, NCF4, NFKB1, NFKBIA, TLR4"
"pink","turquoise_M14_Nucleus__HumanMeta","Brain",0.000228920706573094,87,"ABCE1, ACADVL, ADNP, AGPS, ANKRA2, ANKRD10, ARS2, B4GALT7, C4orf41, CAPN7, CDK10, CEP192, CPSF1, CSNK1G2, DDX18, DMTF1, DUS1L, ECHDC2, EVL, FAM149B1, FASTKD5, FBRS, FBXL18, FUBP3, GFOD1, GIPC1, GMEB2, GOLGA5, HGS, HNRNPA2B1, HNRNPR, HNRPDL, HNRPH1, HSP90AA1, HSPD1, INPP5E, KIAA0907, KLHL22, KRIT1, KTN1, MZF1, NAT13, NSUN5, NSUN5B, NSUN5C, NUP160, OGT, PABPN1, PILRB, PNN, PPP1CC, PPWD1, PRG2, PRPF4B, PRRC1, PSIP1, RABEP1, RBL2, RBM39, REV1, RING1, SCFD1, SDCCAG1, SFRS1, SFRS14, SFRS18, SFRS2, SGSM2, SMARCC2, SMARCE1, SON, SPG11, SPHK2, SWAP70, SYNCRIP, TCEAL4, TCF25, TESK1, THOC1, TMED10, TNK2, TOP2B, UNC50, UTP14C, WDR33, WDR59, ZNF83"
"black","Supraoptic Nucleus_localMarker(top200)_IN_Hypothalamus__HBA","HumanBrainRegions",0.000241300250232008,26,"ARHGAP15, CA4, CD44, CD86, CLEC7A, CNN2, CTSZ, FGL2, GBP1, HLA-E, IFI30, IL1B, JUNB, LCP1, LYN, MS4A6A, NAPSB, OSM, PRDM1, RCSD1, RELL1, RHBDF2, SIGLEC14, SLC15A3, SRGN, ZFP36"
"magenta","198860_WikiPathways_Electron_Transport_Chain__Wiki_Pathways_NCBI_Biosystems","PW_Lists",0.000245732397984555,19,"ATP5I, ATPIF1, COX4I1, COX6C, COX7C, NDUFAB1, NDUFB10, NDUFB2, NDUFB3, NDUFB5, NDUFB6, NDUFB9, NDUFS4, NDUFS5, NDUFS8, SLC25A6, UQCRH, UQCRHL, UQCRQ"
"red","BloodPlatelets_customArray__Gnatenko2","Blood",0.000268403393782727,40,"ABCC4, ADIPOR1, AGPAT1, ANK1, ARF1, C14orf45, C20orf111, C5orf4, CA1, CDC16, CTNNAL1, CTSB, DLEU1, DNCL1, EPB49, FHL2, GADD45A, GMPR, GNAS, HBBP1, HIST1H3H, IKBKG, JUND, LYL1, MAX, MPP1, NCOA4, RAB3IL1, RBX1, RGS10, RPA1, RSU1, SERF2, SERPINI1, SNCA, STOM, TMOD1, TPM1, WBP2, XK"
"pink","105937_REACTOME_Gene_Expression__Reactome_NCBI_Biosystems","PW_Lists",0.000339728800654653,99,"AARS, AIMP2, AKT1, CDK7, CDK9, CLP1, CNOT2, CNOT6, CPSF1, CSTF3, DDOST, DDX23, DNAJC8, EEF2, EFTUD2, EIF2B1, EIF2B2, EIF2B4, EIF2S3, EIF3B, EIF4A1, EIF4A3, EPRS, EXOSC8, GARS, GSPT2, GTF3C2, GTF3C3, GTF3C5, HARS2, HNRNPA0, HNRNPA2B1, HNRNPD, HNRNPH1, HNRNPL, HNRNPM, HNRNPR, IARS, IARS2, LARS, MARS, MED24, METTL3, NFX1, NR2C2AP, NUP107, NUP160, NUP205, NUP62, NUP85, NUP93, NUPL2, NXF1, PABPN1, POLR2B, PPP2R1A, PRPF4, PSMB10, PSMC1, PSMC5, PSMD1, PSMD7, RBM5, RNMT, RNPS1, RPS23, SARS2, SEH1L, SF3A3, SF3B1, SF3B2, SMG1, SNAPC4, SNRNP40, SNRNP70, SNRPA, SNUPN, SRP68, SRP72, SRPRB, SUPT16H, TAF1C, TBP, TH1L, TPR, TRIM28, TTF1, U2AF2, UPF3A, VARS2, YARS, ZFP90, ZNF195, ZNF211, ZNF234, ZNF337, ZNF434, ZNF544, ZNF559"
"greenyellow","RedBloodCell__Kabanova","Blood",0.000366472172158488,148,"ABI1, ACSL1, ACTR3, ADAR, ADM, AKAP11, ANPEP, ARFGEF1, ARL6IP5, ARPC5, ATP6AP2, ATP6V1A, BAZ2B, BCL2A1, BCL6, C1orf38, C5AR1, CAPZA1, CCNG2, CD164, CD46, CD47, CDC42SE1, CHFR, CHUK, CLEC2B, CORO1C, CREB5, CROP, CSTA, CTBP2, CTBS, CTSS, DEDD, DEK, DICER1, DNAJB9, DUSP6, EIF4A2, EIF4G2, ELOVL5, FAM129A, FAM8A1, FLI1, FLII, FYB, G3BP1, GALC, GALNT1, GBP2, GDI2, GMFG, HIF1A, ICAM3, IFNGR1, IFRD1, IL10RB, IQGAP1, IQGAP2, KCNJ15, KHDRBS1, KLF2, KLHL2, KRAS, LAPTM5, LPAR1, LRMP, LYST, MAP3K5, MARCKS, MBNL1, MBOAT7, MCL1, MSN, MYST3, NDEL1, NDFIP1, NEDD9, NOTCH2, NPTN, NSFL1C, NT5C2, NUP214, PACSIN2, PCF11, PICALM, PIK3CD, PPP2CA, PPP4R1, PPP6C, PPT1, PRKAR1A, PRNP, PTGER4, PTGS2, RAB1A, RAE1, RAP1A, RASSF2, RCBTB2, RER1, RERE, RGS2, RHOB, RNF13, ROCK1, RPS6KA1, RPS6KA5, RTN3, RTN4, RXRA, SCAMP1, SELT, SEPT7, SERTAD3, SFRS2IP, SKAP2, SLA, SLC2A3, SLC38A2, SMC4, SNX11, SPAG9, SPTLC1, SRPK1, SRRM1, SSR1, TBK1, TGFBR2, TKT, TLR1, TM9SF2, TNFSF10, TRAFD1, TREM1, UBE2D2, UBN1, UBQLN2, UBR5, UGP2, USP3, VASP, VPS26A, VPS4B, YTHDC1, ZFP36L1, ZFR, ZMYM2"
"black","upMGactivagtion_GSE1910__MicrogialMarkers","Brain",0.000388247175470604,29,"AKAP10, ALOX5AP, CD14, CD163, CSF2RA, EPB41L3, FCGR2A, FGL2, FOS, GK, GRB2, HSPA6, IER3, IL1B, KYNU, LDHA, PDK3, PTEN, RAB31, RAB35, RNASE6, S100A9, SLC11A1, SLC39A8, SOD2, TGFA, TIMP1, TXNIP, ZFP36"
"green","445_KEGG_Proteasome__Kegg_NCBI_Biosystems","PW_Lists",0.000461583026127381,19,"POMP, PSMA1, PSMA2, PSMA3, PSMA4, PSMA5, PSMA6, PSMB1, PSMB2, PSMB4, PSMB5, PSMB8, PSMC2, PSMC3, PSMC6, PSMD14, PSME1, PSME2, SHFM1"
"green","83040_KEGG_Proteasome__Kegg_NCBI_Biosystems","PW_Lists",0.000461583026127381,19,"POMP, PSMA1, PSMA2, PSMA3, PSMA4, PSMA5, PSMA6, PSMB1, PSMB2, PSMB4, PSMB5, PSMB8, PSMC2, PSMC3, PSMC6, PSMD14, PSME1, PSME2, SHFM1"
"pink","105951_REACTOME_mRNA_Splicing__Reactome_NCBI_Biosystems","PW_Lists",0.000496156620274163,26,"CLP1, CPSF1, CSTF3, DDX23, DNAJC8, EFTUD2, HNRNPA0, HNRNPA2B1, HNRNPD, HNRNPH1, HNRNPL, HNRNPM, HNRNPR, NFX1, PABPN1, POLR2B, PRPF4, RBM5, RNPS1, SF3A3, SF3B1, SF3B2, SNRNP40, SNRNP70, SNRPA, U2AF2"
"pink","105952_REACTOME_mRNA_Splicing_-_Major_Pathway__Reactome_NCBI_Biosystems","PW_Lists",0.000496156620274163,26,"CLP1, CPSF1, CSTF3, DDX23, DNAJC8, EFTUD2, HNRNPA0, HNRNPA2B1, HNRNPD, HNRNPH1, HNRNPL, HNRNPM, HNRNPR, NFX1, PABPN1, POLR2B, PRPF4, RBM5, RNPS1, SF3A3, SF3B1, SF3B2, SNRNP40, SNRNP70, SNRPA, U2AF2"
"royalblue","530757_REACTOME_Defensins__Reactome_NCBI_Biosystems","PW_Lists",0.000619891622530944,4,"DEFA1, DEFA1B, DEFA3, DEFA4"
"black","106590_KEGG_Fc_gamma_R-mediated_phagocytosis__Kegg_NCBI_Biosystems","PW_Lists",0.000711388931613353,22,"ARPC1A, ARPC1B, ARPC2, ARPC4, CFL1, CRK, FCGR1A, FCGR2A, GAB2, HCK, LYN, MAPK1, MAPK3, NCF1, PIK3CA, PRKCD, PTPRC, RAC1, RAC2, RAF1, SYK, WAS"
"black","114228_KEGG_Fc_gamma_R-mediated_phagocytosis__Kegg_NCBI_Biosystems","PW_Lists",0.000711388931613353,22,"ARPC1A, ARPC1B, ARPC2, ARPC4, CFL1, CRK, FCGR1A, FCGR2A, GAB2, HCK, LYN, MAPK1, MAPK3, NCF1, PIK3CA, PRKCD, PTPRC, RAC1, RAC2, RAF1, SYK, WAS"
"magenta","105921_REACTOME_Respiratory_electron_transport,_ATP_synthesis_by_chemiosmotic_coupling,_and_heat_production_by_uncoupling_proteins.__Reactome_NCBI_Biosystems","PW_Lists",0.000761910718608216,18,"ATP5I, COX4I1, COX6C, COX7C, NDUFAB1, NDUFB10, NDUFB11, NDUFB2, NDUFB3, NDUFB5, NDUFB6, NDUFB9, NDUFS4, NDUFS5, NDUFS8, UQCRH, UQCRHL, UQCRQ"
"midnightblue","105765_REACTOME_Cell_Cycle,_Mitotic__Reactome_NCBI_Biosystems","PW_Lists",0.000835485038244806,18,"AURKA, CCNA2, CCNB2, CDC20, CDC7, CENPE, CENPF, CENPN, CKS1B, FEN1, PSMB6, PTTG1, SKA2, SPC24, TOP2A, TUBG1, TYMS, UBE2C"
"black","Lateral group of Nuclei, Dorsal Division_localMarker(top200)_IN_Dorthal Thalamus__HBA","HumanBrainRegions",0.000854000044847564,24,"AIF1, ALOX5AP, APBB1IP, ARHGAP15, C17orf60, CCL3, CCR1, CD53, CMTM3, FCGR1A, FCGR1B, HCLS1, IFI30, IGSF6, ITGAM, ITGB2, LAT2, NCF2, P2RY13, RHBDF2, RNASET2, SIGLEC14, SYTL3, TYROBP"
"black","469186_KEGG_Legionellosis__Kegg_NCBI_Biosystems","PW_Lists",0.000895108046622442,16,"CASP1, CD14, CR1, CXCL1, HSPA1A, HSPA1L, HSPA6, IL1B, ITGAM, ITGB2, MYD88, NFKB1, NFKB2, NFKBIA, PYCARD, TLR4"
"black","469200_KEGG_Legionellosis__Kegg_NCBI_Biosystems","PW_Lists",0.000895108046622442,16,"CASP1, CD14, CR1, CXCL1, HSPA1A, HSPA1L, HSPA6, IL1B, ITGAM, ITGB2, MYD88, NFKB1, NFKB2, NFKBIA, PYCARD, TLR4"
"greenyellow","turquoise_upAging_oligo__Lu_Aging","Brain",0.000905000483637751,79,"ACADM, ACSL1, ACTR3, ACVR1, AGA, AGL, ARHGAP12, BAMBI, BAZ2B, C10orf6, CANX, CAPZA1, CAST, CDC2L6, CHSY1, CHUK, CLEC2B, CNOT8, CREB5, CTNNA1, DICER1, EFHA1, ELF2, FAM53B, FAM98A, FCHSD2, FNBP1, GALC, GPR137B, H3F3B, HIF1A, HNRPH3, ICK, IQGAP1, KIAA0174, KIAA0240, LDLR, MAP3K5, MPZL1, MTDH, MYST3, NAB1, NEDD9, NIPBL, NT5C2, NUP133, P2RX4, P4HA1, PAK2, PBX3, PCF11, PHF3, PICALM, PLOD2, PPFIA1, PPP3CB, PPP4R1, RAP1A, RAP1B, RASSF2, RCBTB2, RDX, RIN2, RNF13, RXRA, SERPINB6, SMAD3, STK3, SUZ12, TCFL5, TLE4, TRAM1, UBE2J1, UBL3, USP8, YWHAH, ZHX2, ZMPSTE24, ZNF146"
"pink","DownWithAlzheimers_Liang__ADvsCT_inCA1","Brain",0.00104579717662676,109,"AARS, ACAD8, ANAPC5, AOF2, API5, ARCN1, ARID1A, ATP2A2, ATP6V1H, BAG5, BCLAF1, C6orf153, CALM1, CBARA1, CCDC6, CCND2, CD99L2, CIRH1A, CKAP5, CLPTM1L, COPB1, COPS6, CSE1L, CUL2, CUTC, CYB5B, CYFIP2, DDOST, DDX1, DDX23, DDX50, DHX30, DHX36, DLD, DNM1L, DYNC1H1, DYNC1I2, EFTUD2, EIF3B, EPRS, FAM134B, FBXO21, FH, FLJ10081, FNBP4, GLOD4, GNG2, GOLGA5, GON4L, GOT1, GOT2, HNRNPA0, HNRPDL, HSP90AA1, IDH3A, IMMT, ITFG1, JAK1, KIAA1737, KIAA1967, KLHL12, LARS, LETMD1, M6PR, MAPK9, MARS, MCM3AP, MKLN1, NCALD, NDRG3, NDUFA6, NECAP1, NELL2, NGLY1, NNT, NUCKS1, PAFAH1B1, PARP1, PDCD6IP, PECI, PPP1R7, PPP2R1A, PSMC5, PSMD1, PUM1, PYGB, RAB8A, RABEP1, RBM39, RIOK2, RNH1, RNMTL1, SAP18, SFRS1, SFRS2, SFRS4, SKIV2L2, SLC20A1, SPG11, SRP68, SRP72, SUPT16H, TNFAIP1, TSSC1, TTC19, UBE2L3, UBE2N, UQCRC1, XRCC6"
"greenyellow","turquoise_Cerebellum__HumanChimp","Brain",0.00122996176652434,87,"ACBD3, ANKRD28, ARID4A, ASGR1, ATP11B, BAZ2B, BCL11A, BCL6, C10orf137, CAMK1, CCNG2, CDC23, CENTB2, CHES1, CHN2, CIC, CROP, CRY1, CTBP2, CTNNA1, DCP2, DEK, DHX15, DICER1, DLGAP4, E2F3, EFHA1, ELF2, F12, FNBP1, FOXJ3, H3F3B, HNRPH3, ITPK1, JMJD1C, KHDRBS1, KIAA0182, KIAA0240, KIAA0513, KIAA1012, LOC339290, LYST, MAP3K1, MAPK6, MTSS1, MYST1, MYST3, NAB1, NIPBL, NPEPPS, NRIP1, NSMAF, OSBPL2, P2RX4, PAPOLA, PCF11, PHF2, PHF21A, PHF3, PHTF1, PISD, PJA2, PLEKHG3, POLB, PPFIA1, RRAGD, RSBN1, SETBP1, SFRS2IP, SLC35A1, SMAD3, SMAD4, SMNDC1, SNRK, SRRM1, SS18L1, STAG1, SUZ12, TCFL5, THUMPD1, UBE4A, UBN1, USP1, VPS4B, XPO1, ZDHHC17, ZZZ3"
"pink","Nucleus_Foster__MO","Brain",0.00128748298582907,24,"API5, ARS2, ATP1A1, ATP2A2, DDX21, EFTUD2, EIF4A3, FLNB, GTPBP4, HNRPA2B1, MTA2, NONO, PABPN1, PNN, PRPF19, PRPF40A, RBBP7, SF3A3, SF3B1, SFRS1, SMARCC2, SMARCE1, SNRPA, TRIM28"
"greenyellow","Astrocyte_probable__Cahoy","Brain",0.00128877665640586,200,"ABHD10, ABI1, ACADM, ACP2, AGA, AGL, AGTRAP, AK3, AMMECR1L, ANTXR2, AP1S2, APPL2, ARHGAP12, ARHGAP21, ATG7, AXUD1, AZIN1, B4GALT4, BCL6, C11orf54, C15orf39, C16orf72, C18orf25, C5orf21, CA5B, CCBL2, CCPG1, CD164, CD1D, CDC42SE1, CDK5RAP2, CEBPA, CENTD2, CEP63, CHD1, CHST7, CHSY1, CNIH4, COQ10B, CPEB3, CPNE3, CRY1, CTBP2, CTBS, CTDSPL, CTNNA1, CWF19L2, CYP1B1, DAB2, DECR1, DERL1, DNAJB9, DOCK11, DUSP6, ECHDC1, ELOVL5, EPS15, FAM116A, FAM120A, FAM45A, FAM54B, FBXL3, FCHO2, FNBP1, FNDC3B, FUCA2, GALC, GALNT1, GBAS, GBP2, GNS, GPR137B, HADH, HDAC4, HDHD2, HMGCS1, HSDL2, HSPA5, IFNAR1, IFNGR1, IFRD1, INTS8, IQGAP1, ITGB5, KBTBD11, KCTD6, KIDINS220, KLF2, KLF4, LDLR, LMAN2, LNPEP, LTBR, MAP3K1, MFSD1, MIER1, MSN, MUTED, NAPRT1, NEDD9, NFKBIZ, NLRX1, NOTCH1, NOTCH2, NPEPL1, NPEPPS, NSMAF, NT5C2, NUMB, NXT2, OSGEP, OTUD1, P4HA1, PAG1, PDE4B, PER2, PFKFB4, PGM2, PHF21A, PLOD2, PPFIA1, PPM1B, PPP2R5A, PPT1, PRNP, PSAT1, PTAR1, PTGER4, PTPLB, PTPN12, RAB21, RAB22A, RBPMS2, RCBTB2, RFC1, RIN2, RNF121, RNF149, RRAGD, RSBN1, RUNDC1, RXRA, SACM1L, SEMA4B, SERPINE2, SESN1, SFXN1, SIL1, SKAP2, SKP2, SLC24A6, SLC26A6, SLC30A5, SMAD4, SMAD5, SMC4, SMEK2, SNRK, SPAG9, SQRDL, SRC, SSR1, ST3GAL4, STAG1, STAT5A, STK38L, SUCLG2, SUMF1, SUOX, SUZ12, TACC3, TAGLN, TBC1D2B, TBL1X, TEX2, TIPARP, TM9SF2, TMED5, TMEM106C, TMEM176A, TMEM30A, TMEM33, TMEM41B, TMEM55A, TRAM1, TRIP6, TTYH3, TXNDC9, UGDH, UGP2, UPP1, USP1, VAV3, VGLL4, WSB1, YES1, ZDHHC18, ZFP36L1, ZMPSTE24, ZNF438"
"black","Alzheimer_possible__DiseaseGenes","Brain",0.00132624413508597,47,"ADAM10, ALDH2, ALOX5, APBB1IP, APH1B, BCL3, CASP4, CCL3, CD14, CST3, CXCL1, CYP4F3, F13A1, FADD, FAS, FBP1, FCER1G, FGL2, FLOT1, FOS, GAB2, GAPDH, GBA, GRB2, HBG2, HSPA1A, HSPA1L, IL1B, IL1RN, MMP9, NCSTN, NFKBIA, NPC2, PGAM1, PSAP, PSMB9, PTEN, SAMSN1, SERPINA1, SLC11A1, SOD2, TIMP1, TLR4, TNFRSF1A, TNFRSF1B, TNFRSF8, YWHAZ"
"salmon","106383_REACTOME_Olfactory_Signaling_Pathway__Reactome_NCBI_Biosystems","PW_Lists",0.00143128559183991,19,"OR11A1, OR2A1, OR2A4, OR2B2, OR2T11, OR2W5, OR4B1, OR4D10, OR4D6, OR4N2, OR51S1, OR52E6, OR52N2, OR56B1, OR5D18, OR5K4, OR7C2, OR7G2, OR9A4"
"black","137960_Pathway_Interaction_Database_Osteopontin-mediated_events__Pathway_Interaction_Database_NCBI_Biosystems","PW_Lists",0.00145594187770532,12,"CD44, FOS, ILK, MAPK1, MAPK3, MMP9, NFKB1, NFKBIA, PIK3CA, RAC1, RHOA, SYK"
"green","160955_REACTOME_L13a-mediated_translational_silencing_of_Ceruloplasmin_expression__Reactome_NCBI_Biosystems","PW_Lists",0.0014584209862484,31,"EIF3D, EIF3E, EIF3F, EIF3G, EIF3H, EIF3I, EIF4B, EIF4H, RPL13A, RPL15, RPL17, RPL19, RPL22, RPL23A, RPL24, RPL26L1, RPL27, RPL27A, RPL3, RPL35A, RPL4, RPL5, RPL6, RPLP0, RPS24, RPS25, RPS27A, RPS4X, RPS6, RPS7, RPS8"
"black","Cerebellar Nucleus_globalMarker(top200)__HBA","HumanBrainRegions",0.00154512402890748,21,"ARHGAP15, CD163, CNN2, DUSP1, FCGR2A, FGL2, FOS, GLTP, HLA-DPB1, HSPA1A, IFI30, IL1B, KLHL6, M6PRBP1, MBOAT1, MBP, MS4A6A, NAPSB, PTPRC, SRGN, ZFP36"
"red","red_M11_Neuron__HumanMeta","Brain",0.0017429147465914,35,"ACTR10, APOO, ATP6V1D, C5orf22, CCDC91, CDC42, COPS5, DDX3X, DNAJB6, FBXO9, G3BP2, GABARAPL2, GHITM, HIGD1A, ISCA1, NAPG, OAT, PINK1, PRDX3, PSMD6, RAB6A, RHEB, RNF11, RNF14, RRAGA, RTCD1, SERPINI1, SKP1, SLC25A46, SOD1, STRAP, TSNAX, UBE2E3, XK, YPEL5"
"green","105973_REACTOME_GTP_hydrolysis_and_joining_of_the_60S_ribosomal_subunit__Reactome_NCBI_Biosystems","PW_Lists",0.00192672985290326,31,"EIF3D, EIF3E, EIF3F, EIF3G, EIF3H, EIF3I, EIF4B, EIF4H, RPL13A, RPL15, RPL17, RPL19, RPL22, RPL23A, RPL24, RPL26L1, RPL27, RPL27A, RPL3, RPL35A, RPL4, RPL5, RPL6, RPLP0, RPS24, RPS25, RPS27A, RPS4X, RPS6, RPS7, RPS8"
"greenyellow","106386_REACTOME_Immune_System__Reactome_NCBI_Biosystems","PW_Lists",0.00198755428522337,106,"ADAR, AIM2, AMICA1, ANAPC4, ATG7, BLMH, CANX, CAPZA1, CAPZA2, CARD9, CCR2, CDC23, CHUK, CSK, CTSS, CUL5, DDX58, DUSP3, DUSP6, EIF4A2, EIF4G2, FBXW7, FYB, GBP2, HERC5, HSPA5, ICAM3, IFIH1, IFIT2, IFNAR1, IFNAR2, IFNGR1, IFNGR2, INPP5D, IRAK3, IRAK4, IRF7, IRF8, ITCH, ITGB5, JAK2, KPNA3, KRAS, LILRB2, LNPEP, LY96, MALT1, MAP2K1, MAP3K1, MAP3K7, MAP3K8, MEFV, MX1, NLRC4, NLRX1, NPEPPS, NUP133, NUP155, NUP214, NUP43, PAG1, PAK1, PAK2, PDPK1, PIK3CD, PJA2, PPM1B, PPP2CA, PPP2R5A, PSMD5, PSTPIP1, PTPN11, RAE1, RAP1A, RAP1B, RIPK3, RNASEL, RNF138, RPS6KA1, RPS6KA5, SEC24B, SKP2, SRC, STAT5A, SUGT1, TAP1, TBK1, TICAM2, TLR1, TLR10, TLR5, TLR7, TMED7, TNIP2, TOLLIP, TRIB3, UBA6, UBE2D2, UBE2E1, UBE2J1, UBE2Q2, UBE3A, UBE4A, VASP, WSB1, YES1"
"red","blue_M16_Neuron__CTX","Brain",0.00224190246034096,71,"ACP1, AP2B1, ARF1, ARF4, ARIH1, ARMCX3, ATP6V1D, BCL2L1, BECN1, C16orf35, C20orf30, C6orf62, CDC16, CDKN2C, CHMP5, CMAS, CRKL, DDX3X, DNAJA1, ENSA, FAM20B, FKBP1A, FXC1, G3BP2, GHITM, GTF2A2, HCCS, KPNA1, KPNA4, MAN1A1, MAP1LC3B, MAT2B, MAX, NAPG, OPA1, PLCL2, PLEKHB2, PPM1A, PPP3R1, PRDX3, RAB5A, RAD17, RBM38, RNF14, RTCD1, SERF2, SERINC3, SERPINI1, SFRS2B, SH3BGRL, SKP1A, SNAPC3, SNCA, SNX3, SNX4, SOD1, STAU1, STRAP, STX7, SUPT4H1, TPM1, TRIM23, UBE2D3, UBE2H, USP7, VAMP4, WAC, WBP4, YME1L1, YOD1, ZNF410"
"green","105968_REACTOME_Formation_of_a_pool_of_free_40S_subunits__Reactome_NCBI_Biosystems","PW_Lists",0.00230466824377445,29,"EIF3D, EIF3E, EIF3F, EIF3G, EIF3H, EIF3I, RPL13A, RPL15, RPL17, RPL19, RPL22, RPL23A, RPL24, RPL26L1, RPL27, RPL27A, RPL3, RPL35A, RPL4, RPL5, RPL6, RPLP0, RPS24, RPS25, RPS27A, RPS4X, RPS6, RPS7, RPS8"
"greenyellow","yellow_M18__CTX","Brain",0.002541144042137,97,"ABI1, ACADM, ACBD3, ACSL4, ACTR3, ACTR6, ANKRD46, ATP2B1, ATP6AP2, ATP6V1A, AZI2, BMI1, C15orf39, C4orf18, CAND1, CCNG2, CCPG1, CD164, CD47, CENTD2, CEP63, CLN3, CNOT8, CPD, CPEB3, CROP, CUL5, DEGS1, DERL1, DNAJB9, DNAJC10, EIF4G2, EXT1, FBXO11, GALNT1, GLMN, GRSF1, GTF2F2, HNRPH3, IBTK, ITPK1, JMJD1C, KRAS, LRMP, MAZ, NAB1, NRBF2, OSBPL8, OSTM1, PAPOLA, PGRMC2, PICALM, PRKAR1A, PRKCZ, PXN, RAB11A, RAB11FIP2, RAB1A, RAP2C, RBM25, REEP5, RNF121, RNGTT, RPS6KB1, RTN4, SACM1L, SEC24B, SLC19A1, SLC30A5, SLC30A9, SLC35A3, SLC35A5, SLK, SLTM, SMAD4, SMC4, SMNDC1, SNX16, SPAST, SPTAN1, SRRM1, SS18L1, SSR1, SUB1, SYNJ1, THUMPD1, TIA1, TLK1, TRAPPC3, UBE2D2, UBE2J1, UBL3, UBQLN2, USP9X, VPS26A, YTHDF2, ZBTB17"
"green","187211_REACTOME_Regulation_of_mRNA_Stability_by_Proteins_that_Bind_AU-rich_Elements__Reactome_NCBI_Biosystems","PW_Lists",0.00260969938892817,27,"EXOSC1, EXOSC3, EXOSC5, EXOSC6, EXOSC7, EXOSC9, HSPA8, PSMA1, PSMA2, PSMA3, PSMA4, PSMA5, PSMA6, PSMB1, PSMB2, PSMB4, PSMB5, PSMB8, PSMC2, PSMC3, PSMC6, PSMD14, PSME1, PSME2, RPS27A, SET, TNFSF12"
"black","187106_REACTOME_Interferon_gamma_signaling__Reactome_NCBI_Biosystems","PW_Lists",0.00283032697133736,19,"B2M, CD44, FCGR1A, FCGR1B, GBP1, GBP5, HLA-A, HLA-B, HLA-C, HLA-DPB1, HLA-E, IFI30, IRF1, IRF2, IRF9, PIAS1, PRKCD, SOCS3, SP100"
"midnightblue","530733_REACTOME_Cell_Cycle__Reactome_NCBI_Biosystems","PW_Lists",0.00293473528236004,19,"AURKA, CCNA2, CCNB2, CDC20, CDC7, CENPE, CENPF, CENPN, CKS1B, FEN1, OIP5, PSMB6, PTTG1, SKA2, SPC24, TOP2A, TUBG1, TYMS, UBE2C"
"black","198881_WikiPathways_IL-3_Signaling_Pathway__Wiki_Pathways_NCBI_Biosystems","PW_Lists",0.00312607490681206,23,"CBL, CRK, GAB2, GRB2, HCK, LYN, MAPK1, MAPK3, MMP9, NFKB1, PIK3CA, RAC1, RAC2, RAF1, SOCS3, SPI1, STAT3, STAT5B, STAT6, SYK, TNFRSF1B, YWHAB, YWHAZ"
"midnightblue","106326_REACTOME_Heme_biosynthesis__Reactome_NCBI_Biosystems","PW_Lists",0.0034136799339516,5,"ALAD, CPOX, PPOX, UROD, UROS"
"midnightblue","198818_WikiPathways_Heme_Biosynthesis__Wiki_Pathways_NCBI_Biosystems","PW_Lists",0.0034136799339516,5,"ALAD, CPOX, PPOX, UROD, UROS"
"green","413420_KEGG_Proteasome,_20S_core_particle__Kegg_NCBI_Biosystems","PW_Lists",0.00379666376991611,10,"PSMA1, PSMA2, PSMA3, PSMA4, PSMA5, PSMA6, PSMB1, PSMB2, PSMB4, PSMB5"
"green","6213_mito_disease_pad_171__Palazzolo_and_Wang","PW_Lists",0.00417440880101602,34,"DAP3, DGUOK, HSD17B10, MPV17, MRPL12, MRPL18, MRPL20, MRPL24, MRPL27, MRPL3, MRPL32, MRPL34, MRPL35, MRPL39, MRPL42, MRPL43, MRPL51, MRPS11, MRPS15, MRPS17, MRPS22, MRPS23, MRPS26, MRPS28, MRPS30, MRPS35, MRPS6, MRPS7, MTIF3, NDUFA12, SDHD, SUCLG1, TUFM, VDAC1"
"green","530746_REACTOME_SRP-dependent_cotranslational_protein_targeting_to_membrane__Reactome_NCBI_Biosystems","PW_Lists",0.00431297913331116,31,"LOC653566, RPL13A, RPL15, RPL17, RPL19, RPL22, RPL23A, RPL24, RPL26L1, RPL27, RPL27A, RPL3, RPL35A, RPL4, RPL5, RPL6, RPLP0, RPS24, RPS25, RPS27A, RPS4X, RPS6, RPS7, RPS8, SEC11C, SEC61B, SPCS1, SPCS2, SRP14, SRP19, SSR2"
"black","148661_KEGG_Bacterial_invasion_of_epithelial_cells__Kegg_NCBI_Biosystems","PW_Lists",0.00476101473363798,17,"ACTB, ARPC1A, ARPC1B, ARPC2, ARPC4, CBL, CRK, CTNNB1, ELMO1, HCLS1, ILK, MAD2L2, PIK3CA, RAC1, RHOA, RHOG, WAS"
"black","149807_KEGG_Bacterial_invasion_of_epithelial_cells__Kegg_NCBI_Biosystems","PW_Lists",0.00476101473363798,17,"ACTB, ARPC1A, ARPC1B, ARPC2, ARPC4, CBL, CRK, CTNNB1, ELMO1, HCLS1, ILK, MAD2L2, PIK3CA, RAC1, RHOA, RHOG, WAS"
"green","105796_REACTOME_Ubiquitin-dependent_degradation_of_Cyclin_D__Reactome_NCBI_Biosystems","PW_Lists",0.00530897912281734,19,"CDK4, PSMA1, PSMA2, PSMA3, PSMA4, PSMA5, PSMA6, PSMB1, PSMB2, PSMB4, PSMB5, PSMB8, PSMC2, PSMC3, PSMC6, PSMD14, PSME1, PSME2, RPS27A"
"green","105797_REACTOME_Ubiquitin-dependent_degradation_of_Cyclin_D1__Reactome_NCBI_Biosystems","PW_Lists",0.00530897912281734,19,"CDK4, PSMA1, PSMA2, PSMA3, PSMA4, PSMA5, PSMA6, PSMB1, PSMB2, PSMB4, PSMB5, PSMB8, PSMC2, PSMC3, PSMC6, PSMD14, PSME1, PSME2, RPS27A"
"black","198855_WikiPathways_Toll-like_receptor_signaling_pathway__Wiki_Pathways_NCBI_Biosystems","PW_Lists",0.00536588092903144,19,"CCL3, CD14, CD86, FADD, FOS, IL1B, MAP2K4, MAPK1, MAPK3, MYD88, NFKB1, NFKB2, NFKBIA, PIK3CA, RAC1, TICAM1, TLR4, TLR6, TLR8"
"green","105966_REACTOME_Eukaryotic_Translation_Initiation__Reactome_NCBI_Biosystems","PW_Lists",0.00558885360231437,31,"EIF3D, EIF3E, EIF3F, EIF3G, EIF3H, EIF3I, EIF4B, EIF4H, RPL13A, RPL15, RPL17, RPL19, RPL22, RPL23A, RPL24, RPL26L1, RPL27, RPL27A, RPL3, RPL35A, RPL4, RPL5, RPL6, RPLP0, RPS24, RPS25, RPS27A, RPS4X, RPS6, RPS7, RPS8"
"green","105967_REACTOME_Cap-dependent_Translation_Initiation__Reactome_NCBI_Biosystems","PW_Lists",0.00558885360231437,31,"EIF3D, EIF3E, EIF3F, EIF3G, EIF3H, EIF3I, EIF4B, EIF4H, RPL13A, RPL15, RPL17, RPL19, RPL22, RPL23A, RPL24, RPL26L1, RPL27, RPL27A, RPL3, RPL35A, RPL4, RPL5, RPL6, RPLP0, RPS24, RPS25, RPS27A, RPS4X, RPS6, RPS7, RPS8"
"green","105831_REACTOME_APCC_Cdc20_mediated_degradation_of_mitotic_proteins__Reactome_NCBI_Biosystems","PW_Lists",0.00617281916635306,22,"ANAPC10, BUB3, CDC26, MAD2L1, PSMA1, PSMA2, PSMA3, PSMA4, PSMA5, PSMA6, PSMB1, PSMB2, PSMB4, PSMB5, PSMB8, PSMC2, PSMC3, PSMC6, PSMD14, PSME1, PSME2, RPS27A"
"black","Eotaxin / CCL11__ImmunePathway","Immune",0.00652133136493241,21,"BTK, CCR3, CFL1, CYBA, FGR, GNG10, GNG5, HCK, MAP2K4, MAPK1, MAPK3, NCF1, NCF2, PFN1, PIK3CA, PTEN, RAC1, RAC2, RAF1, RHOA, WAS"
"green","Lymphcytes_genesCorrelatedAcrossIndividuals__Whitney","Blood",0.00838570380152918,18,"CCL5, CCR7, CD2, CD27, CD52, FAIM3, GZMA, GZMK, HLA-DPA1, HLA-DQA1, HLA-DQB1, HLA-DRA, HLA-DRB4, IL32, MYOM2, SPIB, TARP, TCL1A"
"green","105829_REACTOME_Activation_of_APCC_and_APCC_Cdc20_mediated_degradation_of_mitotic_proteins__Reactome_NCBI_Biosystems","PW_Lists",0.00886065677568117,22,"ANAPC10, BUB3, CDC26, MAD2L1, PSMA1, PSMA2, PSMA3, PSMA4, PSMA5, PSMA6, PSMB1, PSMB2, PSMB4, PSMB5, PSMB8, PSMC2, PSMC3, PSMC6, PSMD14, PSME1, PSME2, RPS27A"
"red","brown_downAD_mitochondrion__Blalock_AD","Brain",0.0090370987063703,36,"ACP1, ACTR10, ACTR1A, ANXA7, AP2M1, AP2S1, ATP6V1D, ATP6V1E1, AUH, BECN1, C18orf10, CDC42, CHMP5, CHP, CMAS, DNCL1, ENSA, FKBP1A, G3BP2, GABARAPL1, GHITM, HIGD1A, HRSP12, IDH3G, OAT, PLEKHB2, PPP1CB, PPP3R1, RAB6A, RRAGA, RTCD1, SDHB, SNCA, TIMM23, TSNAX, UBE2E3"
"black","147795_KEGG_Chagas_disease_(American_trypanosomiasis)__Kegg_NCBI_Biosystems","PW_Lists",0.00984419327449375,19,"CCL3, CCL3L3, FADD, FAS, FOS, GNA15, GNAI2, IL1B, MAP2K4, MAPK1, MAPK3, MYD88, NFKB1, NFKBIA, PIK3CA, TICAM1, TLR4, TLR6, TNFRSF1A"
"black","147809_KEGG_Chagas_disease_(American_trypanosomiasis)__Kegg_NCBI_Biosystems","PW_Lists",0.00984419327449375,19,"CCL3, CCL3L3, FADD, FAS, FOS, GNA15, GNAI2, IL1B, MAP2K4, MAPK1, MAPK3, MYD88, NFKB1, NFKBIA, PIK3CA, TICAM1, TLR4, TLR6, TNFRSF1A"
"black","IL-4 __ImmunePathway","Immune",0.0103270219937076,16,"CBL, CEBPB, DOK2, FOS, GAB2, GRB2, MAPK1, MAPK3, NFIL3, NFKB1, NFKBIA, PIK3CA, SOCS3, STAT3, STAT5B, STAT6"
"magenta","413409_KEGG_NADH_dehydrogenase_(ubiquinone)_1_beta_subcomplex__Kegg_NCBI_Biosystems","PW_Lists",0.0141900589793969,7,"NDUFB10, NDUFB11, NDUFB2, NDUFB3, NDUFB5, NDUFB6, NDUFB9"
"green","105782_REACTOME_S_Phase__Reactome_NCBI_Biosystems","PW_Lists",0.0144514910134595,26,"CCNH, CDK4, LIG1, MYC, PCNA, PSMA1, PSMA2, PSMA3, PSMA4, PSMA5, PSMA6, PSMB1, PSMB2, PSMB4, PSMB5, PSMB8, PSMC2, PSMC3, PSMC6, PSMD14, PSME1, PSME2, RFC4, RPA2, RPS27A, WEE1"
"green","105770_REACTOME_Cyclin_E_associated_events_during_G1S_transition__Reactome_NCBI_Biosystems","PW_Lists",0.0146607316646829,21,"CCNH, MYC, PSMA1, PSMA2, PSMA3, PSMA4, PSMA5, PSMA6, PSMB1, PSMB2, PSMB4, PSMB5, PSMB8, PSMC2, PSMC3, PSMC6, PSMD14, PSME1, PSME2, RPS27A, WEE1"
"midnightblue","138007_Pathway_Interaction_Database_PLK1_signaling_events__Pathway_Interaction_Database_NCBI_Biosystems","PW_Lists",0.015884190004239,7,"AURKA, CDC20, CENPE, ECT2, SPC24, TPX2, TUBG1"
"greenyellow","6001_synapsedb_pad_3552__Palazzolo_and_Wang","PW_Lists",0.0191890574487081,262,"ABI1, ACBD3, ACOT7, ACP2, ACSL1, ACSS2, ACTR3, ADAR, ADM, ADORA2A, ADRB2, AKAP11, AKAP8, ALDH3A2, ALG8, ALS2, ANPEP, ANTXR2, AP1S2, APPBP2, APPL2, ARL6IP5, ARPC5L, ARPP19, ATP2B1, ATP6V1A, ATP6V1C1, AZI2, B4GALT4, BAZ2B, BCL11A, BCL2L2, BID, C14orf93, C17orf62, CAMK1, CANT1, CANX, CAPZA1, CAPZA2, CCNB1IP1, CCNG2, CD47, CDK5RAP2, CHM, CLIC4, CLIP1, CLK4, CLN3, CORO1C, CPEB3, CTBP2, CTNNA1, CUL5, CYP1B1, DACH1, DECR1, DICER1, DIP2B, DLGAP4, DMAP1, DSC2, DSTN, DUSP3, EAF1, EIF4A2, EIF4G2, ELF2, ENC1, EPS15, EXOC4, EXT1, F2RL1, FES, FEZ2, FKBP15, GALC, GALK1, GBAS, GDI2, GGA3, GMFB, GNAI3, GNB1, GOPC, HARS, HDAC4, HIF1A, HSD17B12, HSPA5, ICAM3, ICK, IMPA1, IQGAP1, IQGAP2, IQSEC1, ITGA5, ITPR1, KCNJ15, KCNJ2, KLHL2, KRAS, LDLR, LEMD3, LNPEP, LPAR1, LRRC47, LTA, LYST, MAP2K1, MAP3K11, MAP3K5, MAP3K8, MAPK6, MARCKS, MEFV, MGAT1, MTDH, MTPN, MTSS1, MUDENG, MUTED, MYH9, NDEL1, NEDD9, NFKBIE, NIPBL, NOTCH1, NOTCH2, NPEPL1, NPEPPS, NPTN, NSF, NUMB, OPRL1, OSGEP, PACSIN2, PDE4B, PDPK1, PFKFB4, PFKL, PICALM, PISD, PJA2, PKM2, PKN1, PKP4, PLCG2, PLD1, PLP2, PPFIA1, PPP1R12A, PPP2CA, PPP3CB, PPT1, PRDM8, PRIC285, PRKAA1, PRKAR1A, PRKCZ, PRNP, PSMD5, PTPN11, PXN, RAB10, RAB11A, RAB11FIP1, RAB11FIP2, RAB1A, RAB21, RAB22A, RAB24, RAB32, RAB33B, RAB3GAP2, RAB8B, RAP1A, RAP1B, RDX, REC8, REPS2, RGS2, RHOB, RIOK1, RNF38, RNPEP, RPS6KA4, RPS6KA5, RPS6KB1, RTN3, RTN4, SCAMP1, SCO2, SEMA4D, SEPN1, SEPT7, SFPQ, SFXN1, SH3BGRL2, SH3BP1, SLA, SLC25A1, SLC25A11, SLC25A19, SLC9A6, SMAD3, SNTB1, SNTB2, SNX11, SNX14, SORT1, SPAST, SPTAN1, SQRDL, SRC, SSR1, STARD3, STAU2, STK3, STK38L, STK4, STX12, STX2, STX6, STXBP5, SUCLG2, SUMF1, SUOX, SYNJ1, TACC1, TBK1, TFAM, TGFBR2, TKT, TM9SF2, TMEM33, TRIB3, TRIP11, TSC2, UBE2E1, UBE3A, UPF1, VCAN, VCP, VCPIP1, VPS18, VPS26A, VPS36, VPS4B, VWF, WASL, WDFY1, WDR37, XYLT1, YES1, YWHAG, YWHAH, ZHX2, ZMYM2, ZNF142, ZNF25, ZNF263"
"red","198774_WikiPathways_TGF-beta_Receptor_Signaling_Pathway__Wiki_Pathways_NCBI_Biosystems","PW_Lists",0.0197515155667808,22,"ANAPC1, AP2B1, CDC16, COPS5, E2F4, FKBP1A, FOXO3, FOXO4, JUND, KAT2B, LOC730268, MAP2K3, PIK3R2, RBX1, SKP1, SNX4, STK11, STRAP, TFDP1, TFDP2, TGIF1, UBE2D3"
"green","105783_REACTOME_Cyclin_A_Cdk2-associated_events_at_S_phase_entry__Reactome_NCBI_Biosystems","PW_Lists",0.0209045627587479,21,"CCNH, MYC, PSMA1, PSMA2, PSMA3, PSMA4, PSMA5, PSMA6, PSMB1, PSMB2, PSMB4, PSMB5, PSMB8, PSMC2, PSMC3, PSMC6, PSMD14, PSME1, PSME2, RPS27A, WEE1"
"black","487_KEGG_Toll-like_receptor_signaling_pathway__Kegg_NCBI_Biosystems","PW_Lists",0.0213846695061031,18,"CCL3, CD14, CD86, FADD, FOS, IL1B, MAP2K4, MAPK1, MAPK3, MYD88, NFKB1, NFKBIA, PIK3CA, RAC1, TICAM1, TLR4, TLR6, TLR8"
"black","83076_KEGG_Toll-like_receptor_signaling_pathway__Kegg_NCBI_Biosystems","PW_Lists",0.0213846695061031,18,"CCL3, CD14, CD86, FADD, FOS, IL1B, MAP2K4, MAPK1, MAPK3, MYD88, NFKB1, NFKBIA, PIK3CA, RAC1, TICAM1, TLR4, TLR6, TLR8"
"black","Toll-like receptor signaling__ImmunePathway","Immune",0.0213846695061031,18,"CCL3, CD14, CD86, FADD, FOS, IL1B, MAP2K4, MAPK1, MAPK3, MYD88, NFKB1, NFKBIA, PIK3CA, RAC1, TICAM1, TLR4, TLR6, TLR8"
"black","106387_REACTOME_Innate_Immune_System__Reactome_NCBI_Biosystems","PW_Lists",0.0220674302115503,31,"CASP1, CASP4, CD14, FADD, FOS, IRAK2, IRF1, IRF2, MAP2K4, MAPK1, MAPK3, MAPKAPK3, MYD88, NFKB1, NFKB2, NFKBIA, NLRP3, NOD2, PELI1, PELI2, PYCARD, RIPK2, RNF135, S100A12, TICAM1, TLR4, TLR6, TLR8, TNFAIP3, TWF2, TXNIP"
"red","yellow_M18__CTX","Brain",0.0222280601060112,63,"ASAH1, ASF1A, BNIP3L, C11orf58, C1orf109, C1orf25, C5orf22, C6orf62, CACYBP, CCDC91, CDC42, CHD8, CHMP5, CLK3, COPS2, COPS5, CREG1, CUL4A, DCK, DNAJB6, EIF2AK1, EIF4G1, ETFA, FRMD4A, GABARAPL2, GTF2B, HDAC2, HIGD1A, HIP2, HNRPK, IKBKG, KPNA1, KPNA6, LARP1, LPIN2, MKRN1, NR1H2, NRAS, OAT, OXSR1, PPP1CB, RAD17, RIOK3, RNF11, RNF14, RSU1, SH3BGRL, SKP1A, SNAPC3, SQSTM1, STK11, STX7, TANK, TAX1BP1, THOC7, TSNAX, TSPYL1, USP12, VAMP4, WBP4, WDR68, XK, YIPF4"
"black","137977_Pathway_Interaction_Database_Neurotrophic_factor-mediated_Trk_receptor_signaling__Pathway_Interaction_Database_NCBI_Biosystems","PW_Lists",0.0224186530041055,14,"CRK, DYNLT1, ELMO1, GAB2, GRB2, MAPK1, MAPK3, PIK3CA, RAC1, RGS19, RHOA, RHOG, RIT1, STAT3"
"green","105836_REACTOME_Autodegradation_of_Cdh1_by_Cdh1_APCC__Reactome_NCBI_Biosystems","PW_Lists",0.0242338602134349,20,"ANAPC10, CDC26, PSMA1, PSMA2, PSMA3, PSMA4, PSMA5, PSMA6, PSMB1, PSMB2, PSMB4, PSMB5, PSMB8, PSMC2, PSMC3, PSMC6, PSMD14, PSME1, PSME2, RPS27A"
"green","105739_REACTOME_Cell_Cycle_Checkpoints__Reactome_NCBI_Biosystems","PW_Lists",0.0253087106384082,26,"ANAPC10, BUB3, CDC26, MAD1L1, MAD2L1, PSMA1, PSMA2, PSMA3, PSMA4, PSMA5, PSMA6, PSMB1, PSMB2, PSMB4, PSMB5, PSMB8, PSMC2, PSMC3, PSMC6, PSMD14, PSME1, PSME2, RFC4, RPA2, RPS27A, WEE1"
"green","green_M5_Mitochondria__MouseMeta","Brain",0.0258843847977696,27,"AES, AKR1A1, AKR7A2, APOA1BP, BAX, C2orf28, CENPB, COMMD4, CORO1B, CUTA, EIF3D, EIF3G, ERGIC3, MRPL12, MRPL34, PDE6D, PIN1, PPP1R14B, PSMB2, PSMC3, PSME1, RPA2, RPL6, SEC13, STUB1, TEX264, TMEM147"
"black","198909_WikiPathways_B_Cell_Receptor_Signaling_Pathway__Wiki_Pathways_NCBI_Biosystems","PW_Lists",0.0259802224939657,28,"ARPC1A, ARPC1B, ARPC2, ARPC4, ATP2B4, BTK, CBL, CCND3, CMTM3, CRK, CTNNB1, GAB2, GRB2, HCK, HCLS1, LAT2, LCP2, LYN, MAPK1, MAPK3, NFKBIA, PRKCD, PTPRC, RAF1, RHOA, STAT3, SYK, WAS"
"magenta","83098_KEGG_Parkinson's_disease__Kegg_NCBI_Biosystems","PW_Lists",0.0267907539299833,18,"COX4I1, COX6C, COX7C, NDUFAB1, NDUFB10, NDUFB11, NDUFB2, NDUFB3, NDUFB5, NDUFB6, NDUFB9, NDUFS4, NDUFS5, NDUFS8, SLC25A6, UQCRH, UQCRHL, UQCRQ"
"green","105685_REACTOME_Regulation_of_Apoptosis__Reactome_NCBI_Biosystems","PW_Lists",0.0274752869573725,19,"MAGED1, PSMA1, PSMA2, PSMA3, PSMA4, PSMA5, PSMA6, PSMB1, PSMB2, PSMB4, PSMB5, PSMB8, PSMC2, PSMC3, PSMC6, PSMD14, PSME1, PSME2, RPS27A"
"green","530764_REACTOME_Disease__Reactome_NCBI_Biosystems","PW_Lists",0.0282051609845764,86,"APOBEC3G, ATF4, BANF1, CALM2, CCNH, CD247, CD8B, CLTA, CXCR4, ERN1, EXOSC1, EXOSC3, EXOSC5, EXOSC6, EXOSC7, EXOSC9, HERPUD1, HIST1H2BD, HIST1H2BG, HMGA1, KIF5B, LIG1, LOC128192, LOC643997, LOC653566, LYZ, MAPKAP1, NCBP2, NUP37, NUP50, NUP54, PDIA6, POLR2F, POLR2G, POLR2H, PSMA1, PSMA2, PSMA3, PSMA4, PSMA5, PSMA6, PSMB1, PSMB2, PSMB4, PSMB5, PSMB8, PSMC2, PSMC3, PSMC6, PSMD14, PSME1, PSME2, RAN, RANBP1, RPL13A, RPL15, RPL17, RPL19, RPL22, RPL23A, RPL24, RPL26L1, RPL27, RPL27A, RPL3, RPL35A, RPL4, RPL5, RPL6, RPLP0, RPS24, RPS25, RPS27A, RPS4X, RPS6, RPS7, RPS8, SEC11C, SPCS1, SPCS2, SSRP1, STAM2, STX8, TAF12, WIPI1, XBP1"
"black","187082_REACTOME_TRAF6_mediated_induction_of_NFkB_and_MAP_kinases_upon_TLR78_or_9_activation__Reactome_NCBI_Biosystems","PW_Lists",0.0285931243657853,18,"FOS, IRAK2, MAP2K4, MAPK1, MAPK3, MAPKAPK3, MYD88, NFKB1, NFKB2, NFKBIA, NOD2, PELI1, PELI2, RIPK2, S100A12, TICAM1, TLR8, TWF2"
"midnightblue","Annotated_genes_bound_by_RNA_polymerase_II_(Table_S2)__Lee","StemCells",0.0288508400568633,87,"ABCB6, ABHD5, AGPAT4, ALAD, ASPM, ATP6V0A1, BCL2L12, BRD8, BTG3, C16orf33, C20orf72, C6orf173, CCNA2, CCNB2, CCNF, CDC2, CDC20, CDC42EP4, CDC7, CDCA5, CDKN3, CENPF, CITED2, CKAP2, CKS1B, CKS2, CPOX, CRIPT, CYBRD1, DNAJC9, DUT, DYRK3, ECT2, EZH2, FEN1, FGFR1OP2, GALNT4, GCNT2, HIST1H1C, HMGB2, HMMR, HSPA1B, ITSN1, KIAA0831, KIAA0922, KIF22, KLHDC2, MARCH3, MGST3, MINPP1, MOBKL1A, MRPL37, MYNN, NDUFV2, NUP153, NUP88, NUSAP1, OIP5, PPOX, PPP1R15A, PRC1, PSMB6, PTS, PTTG1, RB1CC1, RBM18, RNF103, SLC2A1, SLC37A4, SLC40A1, STAM, TBC1D15, TFRC, TMCC2, TOP2A, TPX2, TUBG1, TYMS, UBE2C, UROD, UROS, WDR23, WDR42A, WRN, XPO7, YPEL4, ZNF451"
"salmon","Annotated_genes_bound_by_Suz12_(Table_S8)__Lee","StemCells",0.0293731873559121,114,"ABCA3, ABHD6, ADORA1, AIM1, ALX3, ARHGEF19, ATP10A, ATP8A2, BDNF, BMP3, BRUNOL6, BTBD3, C1QL1, C1QL2, CBX7, CD99, CHST2, CHX10, COL12A1, COL13A1, COL14A1, CPM, CREBL2, DIO3, DIO3OS, DUSP15, ELAVL3, ENTPD3, FAM19A4, FBXL19, FCRL2, FERD3L, FEZ1, FGFRL1, FOSL2, FRMD3, FSTL4, FZD1, GRB10, HBA2, HCN4, HOXC10, HOXC13, HOXC6, HOXD3, HRK, HS3ST6, INPPL1, INSM1, IRS4, IRX1, IRX6, ISL2, JTB, KCND3, KCNK3, KIAA1276, KIAA1666, MAB21L2, MAP1LC3A, MAPK8IP2, MCOLN1, MEIS1, METRNL, MLPH, MMP23B, MT1A, MT1E, MT1G, NCAM1, NDRG1, NDUFS7, NFATC1, NFIC, NOXO1, NR2E1, NRGN, NRIP3, P2RX2, PAX7, PAX9, PCSK1N, PDGFB, PHF21B, PHLDB1, POLR3K, PPARG, PPP1R1B, PRRX1, PTGS1, RASSF5, RFX4, RIPK4, RTN4RL1, RXRG, SEPT5, SHOX2, SKIP, SLC25A23, SLC26A10, SLC30A3, SLITRK1, SOX12, SULT1A3, SYT15, SYT3, TBX18, TRPA1, USH1G, VSIG2, WNT5B, WT1, YAF2, ZNF140"
"green","105686_REACTOME_Regulation_of_activated_PAK-2p34_by_proteasome_mediated_degradation__Reactome_NCBI_Biosystems","PW_Lists",0.0302914822125441,18,"PSMA1, PSMA2, PSMA3, PSMA4, PSMA5, PSMA6, PSMB1, PSMB2, PSMB4, PSMB5, PSMB8, PSMC2, PSMC3, PSMC6, PSMD14, PSME1, PSME2, RPS27A"
"green","105747_REACTOME_p53-Independent_G1S_DNA_damage_checkpoint__Reactome_NCBI_Biosystems","PW_Lists",0.0302914822125441,18,"PSMA1, PSMA2, PSMA3, PSMA4, PSMA5, PSMA6, PSMB1, PSMB2, PSMB4, PSMB5, PSMB8, PSMC2, PSMC3, PSMC6, PSMD14, PSME1, PSME2, RPS27A"
"green","105748_REACTOME_p53-Independent_DNA_Damage_Response__Reactome_NCBI_Biosystems","PW_Lists",0.0302914822125441,18,"PSMA1, PSMA2, PSMA3, PSMA4, PSMA5, PSMA6, PSMB1, PSMB2, PSMB4, PSMB5, PSMB8, PSMC2, PSMC3, PSMC6, PSMD14, PSME1, PSME2, RPS27A"
"green","105749_REACTOME_Ubiquitin_Mediated_Degradation_of_Phosphorylated_Cdc25A__Reactome_NCBI_Biosystems","PW_Lists",0.0302914822125441,18,"PSMA1, PSMA2, PSMA3, PSMA4, PSMA5, PSMA6, PSMB1, PSMB2, PSMB4, PSMB5, PSMB8, PSMC2, PSMC3, PSMC6, PSMD14, PSME1, PSME2, RPS27A"
"green","105788_REACTOME_CDK-mediated_phosphorylation_and_removal_of_Cdc6__Reactome_NCBI_Biosystems","PW_Lists",0.0302914822125441,18,"PSMA1, PSMA2, PSMA3, PSMA4, PSMA5, PSMA6, PSMB1, PSMB2, PSMB4, PSMB5, PSMB8, PSMC2, PSMC3, PSMC6, PSMD14, PSME1, PSME2, RPS27A"
"green","105824_REACTOME_CDT1_association_with_the_CDC6_ORC_origin_complex__Reactome_NCBI_Biosystems","PW_Lists",0.0302914822125441,18,"PSMA1, PSMA2, PSMA3, PSMA4, PSMA5, PSMA6, PSMB1, PSMB2, PSMB4, PSMB5, PSMB8, PSMC2, PSMC3, PSMC6, PSMD14, PSME1, PSME2, RPS27A"
"green","106026_REACTOME_Vpu_mediated_degradation_of_CD4__Reactome_NCBI_Biosystems","PW_Lists",0.0302914822125441,18,"PSMA1, PSMA2, PSMA3, PSMA4, PSMA5, PSMA6, PSMB1, PSMB2, PSMB4, PSMB5, PSMB8, PSMC2, PSMC3, PSMC6, PSMD14, PSME1, PSME2, RPS27A"
"green","105826_REACTOME_Regulation_of_APCC_activators_between_G1S_and_early_anaphase__Reactome_NCBI_Biosystems","PW_Lists",0.0340911781355326,22,"ANAPC10, BUB3, CDC26, MAD2L1, PSMA1, PSMA2, PSMA3, PSMA4, PSMA5, PSMA6, PSMB1, PSMB2, PSMB4, PSMB5, PSMB8, PSMC2, PSMC3, PSMC6, PSMD14, PSME1, PSME2, RPS27A"
"black","106396_REACTOME_Toll_Like_Receptor_78_(TLR78)_Cascade__Reactome_NCBI_Biosystems","PW_Lists",0.0379428285255113,18,"FOS, IRAK2, MAP2K4, MAPK1, MAPK3, MAPKAPK3, MYD88, NFKB1, NFKB2, NFKBIA, NOD2, PELI1, PELI2, RIPK2, S100A12, TICAM1, TLR8, TWF2"
"black","187081_REACTOME_MyD88_dependent_cascade_initiated_on_endosome__Reactome_NCBI_Biosystems","PW_Lists",0.0379428285255113,18,"FOS, IRAK2, MAP2K4, MAPK1, MAPK3, MAPKAPK3, MYD88, NFKB1, NFKB2, NFKBIA, NOD2, PELI1, PELI2, RIPK2, S100A12, TICAM1, TLR8, TWF2"
"magenta","105937_REACTOME_Gene_Expression__Reactome_NCBI_Biosystems","PW_Lists",0.0390610442955984,58,"EEF1B2, EEF1D, EIF3K, FAU, GEMIN6, GTF3A, LSM5, LSM6, MED4, POLR2I, RPL10A, RPL11, RPL12, RPL13, RPL14, RPL18, RPL18A, RPL23, RPL26, RPL30, RPL31, RPL32, RPL36, RPL37A, RPL39, RPL7, RPL7A, RPL9, RPLP1, RPS10, RPS13, RPS15A, RPS16, RPS17, RPS18, RPS19, RPS2, RPS20, RPS21, RPS26, RPS26P10, RPS27, RPS29, RPS3, RPS3A, RPS5, RPS9, RPSA, SEC11A, SEC61G, SF3B14, SF3B5, SNRPD2, SNRPG, SRP9, TCEB1, ZNF439, ZNF614"
"green","106017_REACTOME_Vif-mediated_degradation_of_APOBEC3G__Reactome_NCBI_Biosystems","PW_Lists",0.0400119458423688,19,"APOBEC3G, PSMA1, PSMA2, PSMA3, PSMA4, PSMA5, PSMA6, PSMB1, PSMB2, PSMB4, PSMB5, PSMB8, PSMC2, PSMC3, PSMC6, PSMD14, PSME1, PSME2, RPS27A"
"green","187212_REACTOME_Destabilization_of_mRNA_by_AUF1_(hnRNP_D0)__Reactome_NCBI_Biosystems","PW_Lists",0.0400119458423688,19,"HSPA8, PSMA1, PSMA2, PSMA3, PSMA4, PSMA5, PSMA6, PSMB1, PSMB2, PSMB4, PSMB5, PSMB8, PSMC2, PSMC3, PSMC6, PSMD14, PSME1, PSME2, RPS27A"
"greenyellow","green_glutamatergicNeurons__Sugino/Winden","Brain",0.0402082883872183,29,"ABI1, ACTR3, ARHGAP12, ARPC5, C10orf6, CECR6, CLIC4, CPD, DGAT2, ERF, ETS2, EXT1, H3F3B, HIVEP2, IFIT2, KLHL2, LMO4, MAP3K1, MTPN, NCK2, P4HA1, PFKL, PRNP, PTGS2, RAP1B, RHOU, WDFY1, YES1, ZZZ3"
"pink","Vitamin D__ImmunePathway","Immune",0.0409763621684745,20,"ARID1A, BAZ1B, CYP2R1, EP300, HDAC1, HLTF, MEF2D, PIK3R1, PLCG1, PRKCH, PRKCQ, RASGRP1, SIN3A, SMARCA5, SMARCC1, SMARCC2, SMARCD1, SMARCE1, SUPT16H, TOP2B"
"green","106510_REACTOME_Signaling_by_Wnt__Reactome_NCBI_Biosystems","PW_Lists",0.0412112118719121,21,"CSNK1A1, PPP2CB, PPP2R5C, PSMA1, PSMA2, PSMA3, PSMA4, PSMA5, PSMA6, PSMB1, PSMB2, PSMB4, PSMB5, PSMB8, PSMC2, PSMC3, PSMC6, PSMD14, PSME1, PSME2, RPS27A"
"green","106511_REACTOME_Degradation_of_beta-catenin_by_the_destruction_complex__Reactome_NCBI_Biosystems","PW_Lists",0.0412112118719121,21,"CSNK1A1, PPP2CB, PPP2R5C, PSMA1, PSMA2, PSMA3, PSMA4, PSMA5, PSMA6, PSMB1, PSMB2, PSMB4, PSMB5, PSMB8, PSMC2, PSMC3, PSMC6, PSMD14, PSME1, PSME2, RPS27A"
"green","160939_REACTOME_Autodegradation_of_the_E3_ubiquitin_ligase_COP1__Reactome_NCBI_Biosystems","PW_Lists",0.045024933523504,18,"PSMA1, PSMA2, PSMA3, PSMA4, PSMA5, PSMA6, PSMB1, PSMB2, PSMB4, PSMB5, PSMB8, PSMC2, PSMC3, PSMC6, PSMD14, PSME1, PSME2, RPS27A"
"midnightblue","106325_REACTOME_Metabolism_of_porphyrins__Reactome_NCBI_Biosystems","PW_Lists",0.0456034505259811,5,"ALAD, CPOX, PPOX, UROD, UROS"
"greenyellow","brown_pyramidalNeurons_Layer5/basolateralAmygdala__Sugino/Winden","Brain",0.0466848304020215,43,"ACSL1, ACSL4, ACVR1, ARHGAP21, ARMC1, AZIN1, CAPZA2, CLK4, CORO1C, DAPK1, DUSP6, EIF4A2, EIF4G2, FBXO11, GAA, GMFB, HSPA5, IFRD1, MAN2B2, MGA, MRPL19, MTF1, MTMR6, OSGEP, PJA2, PTBP2, RAB10, RTN4, SEPT7, SFRS10, SIL1, SMEK2, SPTLC1, SURF4, SUZ12, TBK1, TIPRL, TMEM30A, TXNDC9, UBE2D2, UBE3A, USP38, YTHDF1"
"pink","Up_CD40_stimulation_in_MG_AitGhezala__MicrogialMarkers","Brain",0.0477189396021979,72,"ANAPC5, AOF2, ARID1A, ARL2, ATP1A1, ATP2A2, BFAR, CDC25B, CDC37, CDK10, CDK2, CDK9, DAXX, DIABLO, DLST, DNAJA3, DNAJB1, EIF4A1, EMD, ENO1, FKBP4, FXR1, FYN, HGS, HLA-F, IGFBP3, IKBKB, M6PR, MCM7, MCRS1, MXD4, NUDC, NUP62, NXF1, PAFAH1B1, PDCD4, PEA15, PIGT, PIK4CA, PRPF4B, PSCD1, PSMD1, PTPN1, PTPRA, PURA, RANGAP1, RASSF1, RING1, RNPS1, SAFB, SDC1, SEC23B, SEPT6, SFRS1, SMARCC1, SMARCD1, STX16, TAF15, TAP2, TERF2, TESK1, TFCP2, TNFRSF25, TRIM28, TRRAP, TTC3, TTF1, UBE2G2, UBE2L3, USP11, XRCC5, YWHAE"
"black","106397_REACTOME_Toll_Like_Receptor_9_(TLR9)_Cascade__Reactome_NCBI_Biosystems","PW_Lists",0.0499851007759467,18,"FOS, IRAK2, MAP2K4, MAPK1, MAPK3, MAPKAPK3, MYD88, NFKB1, NFKB2, NFKBIA, NOD2, PELI1, PELI2, RIPK2, S100A12, TICAM1, TLR8, TWF2"
